region,year,revenues,hhi_revenues,fixed_assets,hhi_fixed_assets,wages,hhi_wages,ti_revenues,ti_w_revenues,ti_b_revenues,ti_fixed_assets,ti_w_fixed_assets,ti_b_fixed_assets,ti_wages,ti_w_wages,ti_b_wages,registered_orgs,liquidated_orgs,existing_orgs,registered_ip,liquidated_ip,existing_ip,existing_total,ssch,labor_productivity,capital_labor_ratio,avg_labor_cost,temp_block,indexed
Амурская область,2009,161826525937.0,0.3837722748864533,45040977225.0,0.3764223435489923,0.0,0.0,1.7712732369051878,1.7712732369051876,0.0,1.7592952702758318,1.7592952702758342,0.0,0.0,0.0,0.0,1388,1308,20177,2392,1641,20250,40427,105676,1531346.0571652977,426217.6579828911,0.0,False,False
Амурская область,2010,180184134617.0,0.4011269299576996,55021285723.0,0.33609390981876,0.0,0.0,1.7746800662282034,1.774680066228201,0.0,1.650004730121818,1.6500047301218168,0.0,0.0,0.0,0.0,1452,1540,20214,2545,2059,21154,41368,110680,1627973.7497018431,497120.3986537767,0.0,False,False
Амурская область,2011,238747578942.0,0.3795164698282515,93008385260.0,0.3203683036227396,0.0,0.0,1.7702729192021636,1.7702729192021642,0.0,1.676494053078276,1.6764940530782764,0.0,0.0,0.0,0.0,1522,2387,20108,2822,2200,21917,42025,127134,1877920.7681816036,731577.589472525,0.0,False,False
Амурская область,2012,286437048650.0,0.4443541841988965,123672188287.0,0.3544188292490028,24074141561.0,0.3328234423976592,1.872146383322608,1.8721463833226073,0.0,1.7171747370799686,1.7171747370799677,0.0,1.6302597022304042,1.630259702230405,0.0,1681,1592,19339,1817,1983,21534,40873,156219,1833560.8898405444,791659.0701963269,154105.08043835897,False,False
Амурская область,2013,326572680729.0,0.4820302830649374,127460965258.0,0.3736173663386232,25841120612.0,0.3177203453509513,1.9458830892272945,1.9458830892272947,0.0,1.7531436922857715,1.753143692285769,0.0,1.5420876594808917,1.5420876594808908,0.0,1437,921,19305,2004,2430,21555,40860,6,54428780121.5,21243494209.666668,4306853435.333333,False,False
Амурская область,2014,345845156131.0,0.4552375462235893,136685719222.0,0.340643961767228,32196770000.0,0.2785094637580705,1.8535566414544071,1.8535566414544091,0.0,1.693760923268492,1.6937609232684896,0.0,1.4550782853504316,1.4550782853504325,0.0,1450,1217,19972,2600,1695,21725,41697,215350,1605967.7554260506,634714.275467843,149509.03180868353,False,False
Амурская область,2015,377615493309.0,0.4213831817907976,160687018233.0,0.2883211162576182,30910382000.0,0.3230523748099173,1.7735634519079395,1.773563451907939,0.0,1.5597773759882363,1.5597773759882372,0.0,1.5450027635693608,1.5450027635693606,0.0,1565,1068,20269,2888,1854,22918,43187,192053,1966204.6065877648,836680.5945910764,160947.1447985712,False,False
Амурская область,2016,349732633053.0,0.4575416952609736,153473803154.0,0.234700588109393,28371523999.0,0.4259622536072891,1.8747353897243997,1.8747353897243983,0.0,1.486240996330224,1.4862409963302228,0.0,1.7636256975453577,1.763625697545354,0.0,1400,1359,20485,3069,3106,24133,44618,210680,1660018.1937203342,728468.7827700778,134666.43249952534,False,False
Амурская область,2017,366857413000.0,0.4688471232343906,203069370000.0,0.2313779100373693,34083892000.0,0.4213824073436487,1.901168498052197,1.901168498052194,0.0,1.5250334765503268,1.5250334765503304,0.0,1.7972723928048886,1.797272392804891,0.0,1393,2192,20537,3061,3156,24088,44625,234184,1566534.9169883511,867135.9700064906,145543.21388310046,False,False
Амурская область,2018,466793702006.0,0.454396699682073,351136250507.0,0.2619610619412129,40942322071.0,0.364124341426394,1.8556318944353192,1.855631894435318,0.0,1.5820492577244707,1.58204925772447,0.0,1.6062872187551456,1.6062872187551445,0.0,1113,1380,19338,3815,3348,24747,44085,173201,2695098.1923083584,2027333.8520389604,236386.1760093764,False,False
Амурская область,2019,521216482768.0,0.4335686404231793,751228775836.0,0.3183034171937849,47392458140.0,0.3307885637178727,1.8218647656261384,1.8218647656261369,0.0,1.77935074115042,1.779350741150419,0.0,1.5659517473550864,1.565951747355086,0.0,1061,1874,18954,3845,3879,25244,44198,93816,5555731.248060033,8007469.683593417,505163.9180949944,False,False
Амурская область,2020,575760062000.0,0.3851998305877612,1048175587000.0,0.3835143247547609,51541481000.0,0.3188713686760187,1.699390795496548,1.6993907954965488,0.0,1.9123126759366933,1.9123126759366933,0.0,1.5188002895128854,1.5188002895128871,0.0,935,1288,18001,3106,4980,24471,42472,89048,6465727.046087503,11770905.433024883,578805.599227383,False,False
Амурская область,2021,611809355000.0,0.4612998126106346,1187054360000.0,0.511127952202328,59261629000.0,0.3197098143679423,1.870291505250563,1.870291505250563,0.0,2.2277254228615497,2.2277254228615484,0.0,1.5509047068357482,1.5509047068357462,0.0,854,1147,17553,3785,3795,23276,40829,94258,6490794.99883299,12593672.261240425,628717.2335504679,False,False
Амурская область,2022,693211252000.0,0.4753695411565029,825204424000.0,0.2787897748880615,65807767000.0,0.3124806562872407,1.9052948577826108,1.905294857782612,0.0,1.7284512166331716,1.728451216633171,0.0,1.522625570450888,1.522625570450888,0.0,734,1071,17113,4012,2921,23493,40606,84382,8215155.50709867,9779389.253632292,779879.2040956602,False,False
Амурская область,2023,1115428820000.0,0.4345520481694299,1113986849000.0,0.2991253796814362,81638181000.0,0.3204505958372751,1.8593429856603727,1.859342985660372,0.0,1.8251096536819065,1.825109653681908,0.0,1.5705059912614665,1.570505991261466,0.0,942,698,16973,5131,2842,25703,42676,82954,13446353.64177737,13428970.86337006,984137.9680304748,False,False
Амурская область,2024,1166507201000.0,0.3434144424233649,1488011386000.0,0.3188093840589145,96843564000.0,0.3248479341987512,1.705949639641748,1.705949639641747,0.0,1.8732954999023583,1.87329549990236,0.0,1.620816131648283,1.6208161316482808,0.0,893,848,17633,5268,3088,28129,45762,82618,14119286.366167178,18010740.831295844,1172184.802343315,False,False
Амурская область,2025,1225596678000.0,0.3626079010372319,1905082899000.0,0.3843423252066053,108630971000.0,0.3586154471081156,1.8203155835646143,1.8203155835646136,0.0,2.075825627229694,2.075825627229696,0.0,1.720935838449268,1.7209358384492703,0.0,978,884,17737,4744,3449,29785,47522,84742,14462682.943522692,22480976.36355054,1281902.3742654177,False,False
Еврейская автономная область,2009,8419661000.0,0.3958553053910793,1993163000.0,0.5167099158800429,0.0,0.0,0.5776488498073,0.5776488498073009,0.0,0.8091953507099596,0.8091953507099588,0.0,0.0,0.0,0.0,254,178,4756,564,527,4828,9584,8692,968667.8554993096,229310.05522319375,0.0,False,False
Еврейская автономная область,2010,10233884000.0,0.3567154122707156,2286639000.0,0.5037639690573223,0.0,0.0,0.5171796784478282,0.5171796784478303,0.0,0.786740964835829,0.7867409648358278,0.0,0.0,0.0,0.0,322,131,4882,557,530,4858,9740,7719,1325804.3788055447,296235.134084726,0.0,False,False
Еврейская автономная область,2011,11305674000.0,0.4183448504445162,6581762000.0,0.6654670244342388,0.0,0.0,0.6476807294868863,0.6476807294868859,0.0,1.0577065693058394,1.057706569305839,0.0,0.0,0.0,0.0,266,819,5005,538,522,4866,9871,11927,947905.927727006,551837.1761549426,0.0,False,False
Еврейская автономная область,2012,14058723126.0,0.3743116176161645,8256385912.0,0.7006497793951456,1267057000.0,0.4446816694434821,0.5628944450789604,0.5628944450789594,0.0,1.126683014637365,1.126683014637363,0.0,0.7575954199609818,0.7575954199609827,0.0,316,334,4493,317,572,4661,9154,13190,1065862.253677028,625957.9918119787,96061.94086429111,False,False
Еврейская автономная область,2013,20042070000.0,0.4881807865447198,11709173000.0,0.6993824322025962,1632453000.0,0.4455954742892148,0.7433601653954938,0.7433601653954933,0.0,1.1368230695696582,1.1368230695696595,0.0,0.7595610678959304,0.7595610678959317,0.0,278,561,4456,386,798,4475,8931,0,0.0,0.0,0.0,False,False
Еврейская автономная область,2014,21675020000.0,0.5108224769175341,14334262000.0,0.7317923531460137,1764276000.0,0.4540996282579282,0.7985232119680212,0.798523211968021,0.0,1.1867034891931605,1.1867034891931607,0.0,0.8115850862250902,0.8115850862250927,0.0,260,231,4199,529,548,4206,8405,37187,582865.5175195633,385464.3289321537,47443.35386021997,False,False
Еврейская автономная область,2015,22476017000.0,0.4992969648860366,16772492000.0,0.7429521121221205,1762886000.0,0.4823477020365078,0.7617857496739404,0.7617857496739434,0.0,1.1938855524585037,1.1938855524585028,0.0,0.8438520325161747,0.8438520325161726,0.0,242,204,4198,508,499,4166,8364,34291,655449.4473768628,489122.2769822986,51409.582689335395,False,False
Еврейская автономная область,2016,25020878000.0,0.4637232210087652,18491911000.0,0.7171447708026087,2030673000.0,0.4750132332028421,0.7030422430742007,0.7030422430742002,0.0,1.1330917344865092,1.1330917344865084,0.0,0.8168284662982863,0.8168284662982869,0.0,224,264,4214,556,593,4223,8437,36847,679047.9007788965,501856.6233343284,55110.94526012972,False,False
Еврейская автономная область,2017,33540864000.0,0.5231871200890557,31214828000.0,0.7720159272057366,2386783000.0,0.5155283289220498,0.8242636358030282,0.8242636358030273,0.0,1.252195961248205,1.252195961248204,0.0,0.90102417343698,0.9010241734369804,0.0,126,237,4085,538,557,4168,8253,36546,917771.1377442128,854124.3364526897,65309.00782575385,False,False
Еврейская автономная область,2018,38757974000.0,0.5627993258636769,35018222000.0,0.7566715144882518,2708922000.0,0.5342854026650995,0.8950255698017422,0.8950255698017441,0.0,1.2221772324738571,1.2221772324738565,0.0,0.9282744730793304,0.928274473079329,0.0,119,356,3941,610,623,4221,8162,31536,1229007.2932521563,1110420.5352612888,85899.35312024353,False,False
Еврейская автономная область,2019,42913642081.0,0.5580345165026197,37955023884.0,0.7304667023473322,3655188366.0,0.5069737518146796,0.8885335324883847,0.888533532488384,0.0,1.1694482646779427,1.1694482646779412,0.0,0.8749188451955945,0.8749188451955944,0.0,116,511,3692,593,667,4191,7883,11353,3779938.5255879504,3343171.31013829,321957.9288293843,False,False
Еврейская автономная область,2020,45132823000.0,0.6142891280320066,40103154000.0,0.704898066623992,4183131000.0,0.5373994589199218,1.0093963464699058,1.0093963464699072,0.0,1.1285316348830108,1.128531634883009,0.0,0.9398510333339728,0.939851033333972,0.0,104,263,3286,401,877,3925,7211,10188,4429998.331370239,3936312.720848057,410593.9340400471,False,False
Еврейская автономная область,2021,61753619000.0,0.6648569088850954,47731639000.0,0.5852529919813505,4606292000.0,0.516220765941975,1.095389172483678,1.0953891724836802,0.0,0.9078280207430892,0.9078280207430908,0.0,0.9519600213287944,0.9519600213287968,0.0,89,167,3108,516,621,3564,6672,9937,6214513.334004227,4803425.480527322,463549.5622421254,False,False
Еврейская автономная область,2022,53145468000.0,0.6742814593869839,54112559000.0,0.5719177323908615,4219827000.0,0.5715775952029694,1.0941604673407357,1.0941604673407357,0.0,0.8793284468953573,0.8793284468953578,0.0,0.9698956173205424,0.9698956173205427,0.0,105,129,3043,542,452,3485,6528,9674,5493639.445937565,5593607.504651643,436202.9150299773,False,False
Еврейская автономная область,2023,63086494000.0,0.7160080341254058,39541856000.0,0.5046038018797838,5206400000.0,0.5799513867115267,1.1552027476023987,1.1552027476023965,0.0,0.838328414166206,0.8383284141662055,0.0,0.9832778192275384,0.9832778192275364,0.0,116,219,3028,636,395,3669,6697,8331,7572499.579882368,4746351.698475573,624942.9840355299,False,False
Еврейская автономная область,2024,56549530000.0,0.6846963530019465,56030982000.0,0.3322266371129475,4954523000.0,0.6170562118023235,1.0954696360539025,1.095469636053901,0.0,0.5084393981628956,0.5084393981628933,0.0,0.9979476209341164,0.9979476209341168,0.0,151,168,3007,716,471,3990,6997,7446,7594618.587160892,7524977.437550362,665393.902766586,False,False
Еврейская автономная область,2025,59761085000.0,0.6938699041381059,57819117000.0,0.3203748085900542,6392660000.0,0.656371153308837,1.122039567900103,1.1220395679000994,0.0,0.4795370522294568,0.4795370522294545,0.0,1.0650663989354712,1.0650663989354716,0.0,119,182,2959,651,497,4170,7129,7075,8446796.466431096,8172313.35689046,903556.183745583,False,False
Забайкальский край,2009,87594786705.0,0.490431870342313,40218383994.0,0.4249068759536152,0.0,0.0,2.166947338731635,2.166947338731636,0.0,2.004189314822437,2.0041893148224377,0.0,0.0,0.0,0.0,1332,762,17849,6518,2402,30920,48769,93027,941606.0574349384,432330.2266438776,0.0,False,False
Забайкальский край,2010,103491421590.0,0.4843415746204118,40958962496.0,0.4065126622325851,0.0,0.0,2.133883927789732,2.1338839277897312,0.0,1.9579146426895624,1.957914642689565,0.0,0.0,0.0,0.0,1182,1087,18166,5431,3651,33949,52115,82624,1252558.8399254454,495727.1797056545,0.0,False,False
Забайкальский край,2011,127838947486.0,0.4906970709239288,37310130845.0,0.2844744297222349,0.0,0.0,2.11193633813582,2.11193633813582,0.0,1.7251877234557185,1.7251877234557191,0.0,0.0,0.0,0.0,1334,2648,18299,3588,5081,33886,52185,98245,1301225.9910020863,379766.205353962,0.0,False,False
Забайкальский край,2012,146076144482.0,0.4935081133074895,60048956948.0,0.2353415162595129,15304860521.0,0.3288370628424486,2.11540323538782,2.1154032353878183,0.0,1.6726148729387589,1.6726148729387558,0.0,1.793753122604386,1.7937531226043832,0.0,1205,766,16810,2424,4087,31229,48039,116550,1253334.572990133,515220.56583440583,131315.8345860146,False,False
Забайкальский край,2013,204155821092.0,0.5565136774483707,56594862589.0,0.2897724320089077,18436760865.0,0.324960592471578,2.275428892891256,2.2754288928912554,0.0,1.7795610275122833,1.779561027512284,0.0,1.8305136457912352,1.8305136457912357,0.0,1159,723,17430,2435,5144,29577,47007,0,0.0,0.0,0.0,False,False
Забайкальский край,2014,184770080808.0,0.5164905670422365,61073996000.0,0.2925212870342888,14695613000.0,0.4471452893192133,2.172123286935133,2.1721232869351343,0.0,1.7987453008591563,1.7987453008591563,0.0,1.9665048403205887,1.9665048403205871,0.0,1110,1182,17854,3731,3090,28164,46018,210968,875820.4126123394,289494.12233134883,69658.01922566455,False,False
Забайкальский край,2015,205859342194.0,0.4706700969567396,71965499072.0,0.2636471801244259,15662820000.0,0.425250966148486,2.028206212959141,2.0282062129591414,0.0,1.7994703682180455,1.7994703682180475,0.0,1.9106052259342017,1.9106052259341997,0.0,953,847,17466,3551,3083,28625,46091,220799,932338.1998740936,325932.1784609532,70937.00605528105,False,False
Забайкальский край,2016,220267223077.0,0.5323145140452877,107389149263.0,0.431760226011792,14730652505.0,0.5495991035938151,2.2404321237884943,2.2404321237884957,0.0,2.2422446472668227,2.242244647266822,0.0,2.282730426345182,2.2827304263451813,0.0,926,1393,17553,3608,3893,29150,46703,235962,933485.9980717234,455112.0488171824,62428.071066527664,False,False
Забайкальский край,2017,242126906405.0,0.5419951104329706,144393851000.0,0.4867899177341928,15104067000.0,0.6083382408585358,2.2651453967851616,2.2651453967851607,0.0,2.3574169257928226,2.3574169257928244,0.0,2.394282984711303,2.3942829847113027,0.0,771,1526,17014,3531,4304,28788,45802,251236,963742.8808172396,574733.9195019822,60119.03946886593,False,False
Забайкальский край,2018,265885709253.0,0.5050612206805074,171308640066.0,0.4671437926705182,22875177057.0,0.4872288529630132,2.1169741065579366,2.116974106557939,0.0,2.269036008124246,2.2690360081242456,0.0,2.0374668534784774,2.0374668534784783,0.0,625,1015,16068,3929,4504,28413,44481,201139,1321900.3239202742,851692.8097783125,113728.20316795848,False,False
Забайкальский край,2019,346130488727.0,0.4686836392666433,196837363046.0,0.4026463603410959,37515648508.0,0.3347169148418116,1.9847048985688789,1.9847048985688776,0.0,2.0051667750613618,2.0051667750613618,0.0,1.6806985725902803,1.6806985725902786,0.0,789,1606,19057,4160,4132,28069,47126,71229,4859404.017001502,2763444.1455867696,526690.6527959118,False,False
Забайкальский край,2020,384565510000.0,0.5046396668191334,263410073000.0,0.2774451171669594,44059371000.0,0.3409462817561677,2.087962073514749,2.0879620735147504,0.0,1.779523421385587,1.779523421385585,0.0,1.7046891561337958,1.704689156133794,0.0,684,972,18088,3426,6257,27363,45451,70486,5455913.372868371,3737055.202451551,625079.746332605,False,False
Забайкальский край,2021,477723864000.0,0.5490555234734424,698935275000.0,0.4087280073237025,53367305000.0,0.3876400588283028,2.2305087894841975,2.230508789484198,0.0,2.2312076841193047,2.2312076841193043,0.0,1.854626833526968,1.8546268335269709,0.0,727,821,17813,4396,3956,25502,43315,70184,6806734.640373874,9958612.717998404,760391.328507922,False,False
Забайкальский край,2022,651870749000.0,0.3950724499782049,912092715000.0,0.4172297639356149,61795149000.0,0.3793741591359878,2.0180351184400287,2.018035118440028,0.0,2.206138014146532,2.2061380141465343,0.0,1.8325085605440383,1.83250856054404,0.0,731,722,17697,4837,3434,26383,44080,68181,9560885.715961926,13377520.350244204,906339.7280767368,False,False
Забайкальский край,2023,643817235000.0,0.5768919159003348,409511490000.0,0.416919280058003,73378699000.0,0.4274374020517965,2.298748357331341,2.2987483573313403,0.0,2.0217591214269177,2.02175912142692,0.0,1.9579528122702925,1.9579528122702936,0.0,868,709,17815,6967,3413,29916,47731,64174,10032368.794215726,6381267.958986506,1143433.4621497802,False,False
Забайкальский край,2024,666704730000.0,0.4698062500062231,431499325000.0,0.4010376913911395,82488680000.0,0.4244650873902776,2.0335273149798176,2.0335273149798203,0.0,1.980892346200115,1.9808923462001145,0.0,1.970488015829762,1.9704880158297624,0.0,873,946,17548,7359,3856,33862,51410,71994,9260559.629969165,5993545.642692447,1145771.5920771176,False,False
Забайкальский край,2025,761234191000.0,0.4680863188662952,424476632000.0,0.3385892801264599,102935583000.0,0.424481043412001,2.057117804209792,2.05711780420979,0.0,1.8089247134962427,1.8089247134962407,0.0,1.9564661079381835,1.956466107938184,0.0,800,1004,17348,6378,4492,36384,53732,70365,10818364.115682513,6032496.724223691,1462880.4519292263,False,False
Камчатский край,2009,106918471996.0,0.6074728473363202,35619669865.0,0.6895003885328772,0.0,0.0,1.7132162220195577,1.713216222019556,0.0,1.8862471952376865,1.8862471952376856,0.0,0.0,0.0,0.0,1104,587,15420,1012,404,9310,24730,70235,1522296.177062718,507149.8521392468,0.0,False,False
Камчатский край,2010,123798560220.0,0.6065716393942229,38608130000.0,0.6418933509522343,0.0,0.0,1.7121175389807846,1.7121175389807854,0.0,1.7824234749630143,1.782423474963012,0.0,0.0,0.0,0.0,977,2056,15752,1116,502,10022,25774,69232,1788169.6357175873,557663.0748786689,0.0,False,False
Камчатский край,2011,136965178090.0,0.5969602898816393,50763224000.0,0.5359635005467818,0.0,0.0,1.7183909482312636,1.7183909482312656,0.0,1.6168744138073627,1.6168744138073643,0.0,0.0,0.0,0.0,981,1429,14645,1147,577,10667,25312,91084,1503723.794409556,557323.1742128145,0.0,False,False
Камчатский край,2012,151362998451.0,0.5790553949944234,58494563484.0,0.4927952951260328,17617295000.0,0.5923144683583621,1.664192694052602,1.6641926940526006,0.0,1.4863250690391148,1.4863250690391123,0.0,1.5071131221185112,1.507113122118512,0.0,923,1551,14090,956,625,11046,25136,107202,1411941.9269323333,545648.0614540774,164337.3724370814,False,False
Камчатский край,2013,181547263000.0,0.5792628910471925,74372937622.0,0.4876503450812208,20092343000.0,0.5930056608558284,1.6567857479471968,1.6567857479471957,0.0,1.463910469794811,1.4639104697948109,0.0,1.64736777394614,1.6473677739461383,0.0,855,826,13469,967,779,11388,24857,0,0.0,0.0,0.0,False,False
Камчатский край,2014,216720093483.0,0.4582873485482589,80894717000.0,0.5042527599343574,21561759000.0,0.5541588384871755,1.465067748698374,1.4650677486983734,0.0,1.4931075848755595,1.4931075848755613,0.0,1.5485913722468254,1.5485913722468234,0.0,794,1069,13595,1261,483,11870,25465,119714,1810315.363975809,675733.1389812386,180110.5885694238,False,False
Камчатский край,2015,239864371000.0,0.5346365213604508,88039849000.0,0.4999800055555301,26746495000.0,0.5435381914323328,1.5452980196432264,1.5452980196432282,0.0,1.4612672369220083,1.46126723692201,0.0,1.5402200838171003,1.5402200838171036,0.0,791,556,13196,1535,524,12922,26118,108862,2203380.1602028254,808728.9320424023,245691.74734985575,False,False
Камчатский край,2016,270470551000.0,0.5074306477030341,98993168000.0,0.5302382140346469,31219268000.0,0.5296891829760302,1.4725565605573545,1.4725565605573536,0.0,1.5208320601934917,1.5208320601934924,0.0,1.494952201114771,1.494952201114773,0.0,658,1355,13340,1754,1488,14152,27492,122654,2205150.67588501,807092.8628499683,254531.1852854371,False,False
Камчатский край,2017,298413949000.0,0.5066008311393052,113344114000.0,0.4933032577841429,38725320000.0,0.4928633218175989,1.485860559600546,1.4858605596005467,0.0,1.457827247652446,1.4578272476524463,0.0,1.408033094906866,1.4080330949068662,0.0,646,1173,12629,1694,1778,14358,26987,109635,2721885.793770238,1033831.47717426,353220.4131892188,False,False
Камчатский край,2018,368261242760.0,0.4697699571737738,167563392629.0,0.3305262360418025,45824988000.0,0.4816018401606312,1.4074506380566945,1.4074506380566945,0.0,1.1580830423393564,1.1580830423393575,0.0,1.4486435233868278,1.4486435233868282,0.0,541,734,11974,1950,1863,14530,26504,92495,3981417.8362073624,1811594.0605330016,495432.0557867993,False,False
Камчатский край,2019,409273372891.0,0.5289799196039331,210924375824.0,0.3001846603524701,56381805860.0,0.4631731971966803,1.5423060765577397,1.542306076557738,0.0,1.0429858365986495,1.0429858365986504,0.0,1.4278353318557286,1.4278353318557315,0.0,607,1117,11814,1909,1793,14576,26390,47852,8552900.043697232,4407848.696480816,1178253.9049569506,False,False
Камчатский край,2020,423295607000.0,0.5479629056452247,343640190000.0,0.3190868534236911,57841541000.0,0.4726622770190081,1.5876768244914885,1.5876768244914885,0.0,1.2084070880784878,1.208407088078486,0.0,1.4391189924307533,1.4391189924307517,0.0,459,804,11166,1464,2408,14247,25413,46444,9114107.46275084,7399022.263370941,1245403.9488416158,False,False
Камчатский край,2021,519886386000.0,0.4944058721299078,378706523000.0,0.3440413744089999,66831213000.0,0.4150774242564746,1.4389587715303946,1.4389587715303926,0.0,1.326557235760628,1.3265572357606272,0.0,1.3147024078380412,1.3147024078380398,0.0,443,810,10794,1843,2268,13682,24476,49697,10461122.120047487,7620309.535786868,1344773.587942934,False,False
Камчатский край,2022,494604338000.0,0.5456480414126064,516920356000.0,0.3325220000249392,71200321000.0,0.4535579110363076,1.5624221594811516,1.562422159481151,0.0,1.248926582223156,1.2489265822231543,0.0,1.246984354750584,1.246984354750581,0.0,402,570,10389,1853,1464,13267,23656,44974,10997561.657846756,11493759.861253168,1583144.0610130297,False,False
Камчатский край,2023,657663143000.0,0.4979369114106323,312576631000.0,0.4691367327235131,93096327000.0,0.3970140769158405,1.4594923584171615,1.459492358417162,0.0,1.4099918801112103,1.4099918801112088,0.0,1.1355805710203022,1.1355805710203044,0.0,405,563,10208,2088,1373,13891,24099,45318,14512183.745972903,6897405.688688821,2054290.2820071497,False,False
Камчатский край,2024,670431625000.0,0.51966284633743,359544561000.0,0.4803720030649468,96223941000.0,0.4500224015889678,1.5289999708634523,1.5289999708634532,0.0,1.461827591220075,1.4618275912200749,0.0,1.3185505754989002,1.3185505754989006,0.0,413,405,10149,2304,1575,14822,24971,46068,14553087.284014937,7804648.801771294,2088737.106017192,False,False
Камчатский край,2025,694247907000.0,0.4752727508684167,378366303000.0,0.4650367549838751,90022126000.0,0.3363532170328469,1.447006288778013,1.447006288778015,0.0,1.450201056544767,1.450201056544766,0.0,1.1396129301256686,1.1396129301256692,0.0,370,444,10106,2075,1641,15322,25428,41300,16809876.682808716,9161411.694915254,2179712.493946731,False,False
Магаданская область,2009,61898792359.0,0.7477898029855119,23628164646.0,0.7025677061168324,0.0,0.0,1.558001382168971,1.5580013821689704,0.0,1.5003663380692664,1.500366338069267,0.0,0.0,0.0,0.0,286,199,8259,370,44,3852,12111,29544,2095139.1943880315,799761.868602762,0.0,False,False
Магаданская область,2010,77451776983.0,0.7273656795927462,24855714218.0,0.6941067277590741,0.0,0.0,1.5162360050513044,1.5162360050513028,0.0,1.4760117171513087,1.4760117171513083,0.0,0.0,0.0,0.0,332,780,8385,455,56,4263,12648,32667,2370948.5714329444,760881.4466587076,0.0,False,False
Магаданская область,2011,96539525000.0,0.7317377455955216,48871762000.0,0.7926993646636658,0.0,0.0,1.529538184294811,1.529538184294812,0.0,1.69091943873509,1.6909194387350903,0.0,0.0,0.0,0.0,331,1407,7984,526,54,4733,12717,51413,1877725.9642502868,950572.0732110556,0.0,False,False
Магаданская область,2012,122161060000.0,0.7610864660398989,68458634000.0,0.6543880655697869,11929808000.0,0.5701376796752049,1.5866623675147338,1.586662367514734,0.0,1.4994867995476395,1.4994867995476395,0.0,1.2260279775978518,1.2260279775978538,0.0,283,1826,6871,530,55,5209,12080,73142,1670190.3147302507,935968.8551037709,163104.75513384922,False,False
Магаданская область,2013,135487298828.0,0.7656327037888355,100585914514.0,0.5185234608317368,13726049000.0,0.5724935165685491,1.596378434103638,1.5963784341036402,0.0,1.3718109559173328,1.3718109559173337,0.0,1.2156796174834028,1.215679617483401,0.0,255,900,5306,506,73,5660,10966,3757,36062629.44583444,26772934.39286665,3653459.941442641,False,False
Магаданская область,2014,148656575572.0,0.7756136357694166,112441180803.0,0.5207233643396708,16256776000.0,0.5629814111317926,1.6184305739728444,1.618430573972845,0.0,1.397941847306118,1.3979418473061207,0.0,1.213880393271971,1.2138803932719682,0.0,276,480,6202,641,97,6228,12430,61776,2406380.7234524735,1820143.4343919968,263156.82465682464,False,False
Магаданская область,2015,176985226129.0,0.7794847835732722,136150270283.0,0.5268821037083983,19140759000.0,0.5827709109633514,1.6303489344583042,1.630348934458305,0.0,1.4134494162247364,1.4134494162247382,0.0,1.2500296118081131,1.250029611808111,0.0,241,216,5962,760,140,6891,12853,56546,3129933.613854207,2407778.9814133625,338498.9035475542,False,False
Магаданская область,2016,122194437000.0,0.8832714962220642,69595012091.0,0.9642102224336528,11685565000.0,0.8204057560166629,1.8522723491224475,1.8522723491224489,0.0,2.0730589778838,2.0730589778838007,0.0,1.7039672634354197,1.7039672634354184,0.0,285,524,6031,842,1003,7593,13624,64191,1903607.000981446,1084186.4450000778,182043.6665576171,False,False
Магаданская область,2017,140703720000.0,0.8753821476290903,74158467000.0,0.9585999856558772,13946579000.0,0.8465675122208914,1.8348067252155928,1.8348067252155915,0.0,2.0591408611208557,2.0591408611208544,0.0,1.7849513002265525,1.7849513002265522,0.0,273,483,5786,915,1101,7505,13291,65593,2145102.6786394888,1130585.0776759714,212622.97806168345,False,False
Магаданская область,2018,275587413736.0,0.7476953490877294,183699911000.0,0.500933747488107,36715014000.0,0.5910716460589146,1.5627933842664063,1.562793384266407,0.0,1.3877455330925663,1.387745533092566,0.0,1.2684242500091614,1.2684242500091618,0.0,205,661,5501,977,1089,7381,12882,52301,5269257.064606795,3512359.4386340603,701994.4934131278,False,False
Магаданская область,2019,344940814574.0,0.6293683881203015,158038494101.0,0.447572221524867,41848888531.0,0.5877958973361915,1.3727434350162326,1.3727434350162333,0.0,1.2570037441427928,1.2570037441427917,0.0,1.2678511700702764,1.267851170070277,0.0,236,426,5077,982,1133,7274,12351,27518,12535097.557017226,5743095.214078058,1520782.3435932845,False,False
Магаданская область,2020,429055482000.0,0.59235520990633,167313260000.0,0.4501720848969394,47001756000.0,0.5730689058734082,1.3333338937624823,1.3333338937624837,0.0,1.2412273151562694,1.241227315156269,0.0,1.254617120903447,1.2546171209034476,0.0,237,357,4887,838,1295,6979,11866,27777,15446429.852035858,6023446.016488462,1692110.5950966626,False,False
Магаданская область,2021,439737943000.0,0.7863885351772574,140630115000.0,0.7503371628014278,50347766000.0,0.671200637283525,1.6540135499889068,1.654013549988908,0.0,1.6319445296915769,1.6319445296915776,0.0,1.439451472423233,1.4394514724232337,0.0,227,442,4757,980,1185,6664,11421,29416,14948937.41501224,4780735.484090291,1711577.5768289366,False,False
Магаданская область,2022,422299167000.0,0.7880693590590447,174627256000.0,0.7538883108860855,55468358000.0,0.7131053434404874,1.661363154680927,1.661363154680928,0.0,1.6303390963456224,1.6303390963456212,0.0,1.5282155383653304,1.5282155383653313,0.0,190,225,4508,935,801,6414,10922,26958,15665077.787669707,6477752.652273907,2057584.3163439424,False,False
Магаданская область,2023,484977165000.0,0.7789464601193553,219904679000.0,0.7869543593755227,65149311000.0,0.6474756032675607,1.643149809010108,1.643149809010108,0.0,1.701265990336971,1.701265990336972,0.0,1.3803483430603798,1.3803483430603816,0.0,219,178,4494,1008,760,6621,11115,23441,20689269.44242993,9381198.71165906,2779288.895524935,False,False
Магаданская область,2024,636613310000.0,0.8252648505822522,241986842000.0,0.812196440401126,64052251000.0,0.7772013106174434,1.7427569836876664,1.7427569836876666,0.0,1.740846505747701,1.7408465057477014,0.0,1.6253316160424838,1.625331616042483,0.0,207,207,4555,1074,833,6935,11490,25983,24501147.288611785,9313275.680252472,2465159.9507370205,False,False
Магаданская область,2025,794437911000.0,0.8334106556003273,267193431000.0,0.7537769663669676,77124941000.0,0.7740839206045697,1.7638264181355223,1.7638264181355203,0.0,1.6567736607170076,1.6567736607170078,0.0,1.6260815391220866,1.626081539122088,0.0,191,193,4538,991,770,7093,11631,21352,37206721.19707756,12513742.553390782,3612071.047208693,False,False
Приморский край,2009,612837138303.0,0.4945356384029172,117122334090.0,0.3156308840941125,0.0,0.0,2.155467182453524,0.6586174879731987,1.496849694480325,1.8657051572199703,1.4692369528342204,0.396468204385755,0.0,0.0,0.0,5791,5370,70958,4842,2967,48724,119682,298809,2050932.663684829,391963.8768912583,0.0,False,False
Приморский край,2010,827911106662.0,0.4828660879004711,135374118354.0,0.3147880121395345,0.0,0.0,2.163599056353778,0.7088320435993397,1.4547670127544343,1.859529505733537,1.4771730664193157,0.382356439314222,0.0,0.0,0.0,5863,2482,70656,4641,3444,50398,121054,302837,2733850.5752665624,447019.74446319306,0.0,False,False
Приморский край,2011,976059319873.0,0.5391359084420069,207345974133.0,0.2931373079856876,0.0,0.0,2.296336007007284,0.6840148175910482,1.6123211894162388,1.7736254870494363,1.1243379183852509,0.6492875686641888,0.0,0.0,0.0,5748,9973,73059,5037,3472,51991,125050,443263,2201986.901394883,467771.8964429695,0.0,False,False
Приморский край,2012,1195303221465.0,0.5705178124056605,273385924848.0,0.2942826129753216,41873720000.0,0.328886155281311,2.3577843285004256,0.6528748264209958,1.7049095020794276,1.7365243225395195,0.8752199873055064,0.8613043352340171,1.7814548536890769,0.7175066773477541,1.0639481763413237,5761,4665,68742,4278,3088,52797,121539,507082,2357218.7959048045,539135.5339925298,82577.80792850071,False,False
Приморский край,2013,1331393884982.0,0.5957063212163086,343300704701.0,0.2980005651917066,44684695553.0,0.3653609940831877,2.420685637188587,0.6619349612854177,1.7587506759031726,1.7230833268022678,0.8270623684853413,0.8960209583169245,1.8730847385101337,0.7674643725912553,1.1056203659188777,6182,5351,70803,4689,4317,54398,125201,3024,440275755.6157407,113525365.31117724,14776685.037367726,False,False
Приморский край,2014,1498407507956.0,0.6152544783323767,396173907998.0,0.2884460610273143,49361531000.0,0.3708925981104864,2.465724635433027,0.6877378829690705,1.7779867524639634,1.677266715401693,0.8104838635971973,0.8667828518044978,1.8524552119751867,0.7394316218464757,1.1130235901287122,6368,5240,72070,6466,2798,56547,128617,521981,2870616.95340635,758981.4725018727,94565.76197217908,False,False
Приморский край,2015,1598854616460.0,0.5967475716859995,436461490118.0,0.2826165423229379,52420468000.0,0.3524461116725564,2.435177540030036,0.717806708338626,1.717370831691408,1.6273385866878731,0.779528773884048,0.8478098128038241,1.7678180577271192,0.7416519224984633,1.0261661352286566,7042,3866,72548,7803,3029,61552,134100,443618,3604124.75702068,983867.8550419504,118165.78227213504,False,False
Приморский край,2016,1625795143844.0,0.5736039808329417,489146726170.0,0.2712173874881323,60888759000.0,0.335311111740864,2.374699351933497,0.7107889153663308,1.6639104365671675,1.5971129042001806,0.7953791745452189,0.8017337296549663,1.7161621697891078,0.7682954974921735,0.9478666722969358,6008,7202,74730,9125,7051,67648,142378,544464,2986047.091899556,898400.4932741191,111832.4792823768,False,False
Приморский край,2017,1711258551505.0,0.5382333186493221,512010558075.0,0.2788454808357261,91920940000.0,0.2640373937690838,2.287993081360746,0.7064933278594999,1.5814997535012445,1.6260890999311286,0.8008378220886491,0.825251277842483,1.643471596499289,0.9299580656348388,0.71351353086445,4320,6526,72081,9477,7604,70074,142155,560325,3054046.4043278457,913774.2525766296,164049.32851470128,False,False
Приморский край,2018,2163243672990.0,0.5345696791137877,8846355645630.0,0.8736820164011331,116616868017.0,0.3419867906954841,2.2696097490876888,0.6816018484043206,1.5880079006833654,3.1501661742018676,3.142217654330277,0.00794851987159,1.7591207581870307,0.7382108090173831,1.0209099491696492,4192,6929,69139,12063,9471,74533,143672,446714,4842569.6821456235,19803175.288059022,261054.87631236092,False,False
Приморский край,2019,2516950832520.0,0.5050755702245178,8506376378949.0,0.8494425109683525,128619575235.0,0.4117162957042758,2.2728322947290316,0.81572818929599,1.457104105433043,3.082379961469467,3.075746019549587,0.0066339419198833,1.940312285315038,0.7271494386977334,1.213162846617312,3961,8366,65986,11733,10711,76795,142781,259174,9711432.599411976,32821102.344174184,496267.2769452182,False,False
Приморский край,2020,2549057306000.0,0.5859563218330504,754041364754.0,0.1750893159124267,145955129000.0,0.4378500738904483,2.41962614882706,0.7041484522954604,1.7154776965316003,1.2932714269700938,0.8661372133156651,0.4271342136544298,2.012853350707718,0.7296278018282839,1.283225548879436,2888,5588,60376,7905,10771,73989,134365,245146,10398119.104533626,3075886.8786519053,595380.4222789685,False,False
Приморский край,2021,3455270372000.0,0.6639728557479014,723131030000.0,0.2383896229445369,159665488000.0,0.4830221814494602,2.60002210698406,0.6771727935701931,1.922849313413867,1.4727947715872671,0.7775136480108434,0.695281123576418,2.1177913000488644,0.6973492747464906,1.4204420253023748,3031,5683,57681,10538,12652,73756,131437,244663,14122570.114810985,2955620.710937085,652593.5184314752,False,False
Приморский край,2022,3750992174000.0,0.6308898227972677,948309532000.0,0.286677133677469,184193492000.0,0.4718556368203763,2.512558049760461,0.6729569662923125,1.8396010834681569,1.6592089102403629,0.8189690526924553,0.8402398575479069,2.074613860212569,0.6617214203720222,1.4128924398405438,3196,2795,55071,10109,7927,71213,126284,1352175,2774043.4292898476,701321.5981659179,136220.15789376374,False,False
Приморский край,2023,4508054341000.0,0.6274236422930656,1054200676000.0,0.306696440699204,224094283000.0,0.4580034038131413,2.5318021905793557,0.6972253411541414,1.8345768494252148,1.7380765453546267,0.8312228849738617,0.9068536603807617,2.0469827521225064,0.666947850872085,1.3800349012504256,3536,2754,55658,12487,7498,75773,131431,232767,19367239.94810261,4528995.416016875,962740.7794060154,False,False
Приморский край,2024,5365242298000.0,0.5407599354290347,1503826969000.0,0.2285783046023429,560851244000.0,0.3995151751207793,2.3514300601270293,0.7701794002036613,1.5812506599233664,1.5681819492079576,0.9777211065197488,0.5904608426882056,2.1997685641812836,1.8841947359803957,0.3155738282008897,3109,3027,56118,13031,7875,81306,137424,236710,22665887.786743272,6353035.228760931,2369360.1622238182,False,False
Приморский край,2025,5614276925000.0,0.5177364329501718,1614489208000.0,0.2210914507025212,659265734000.0,0.4073107903097708,2.306077777982516,0.7894153591334415,1.5166624188490765,1.5613406036458173,0.9950308589540798,0.5663097446917398,2.2076319485410885,1.9198298927440596,0.2878020557970266,2791,4132,55676,12932,8916,86363,142039,228569,24562722.525801837,7063465.334319177,2884318.232131216,False,False
Республика Бурятия,2009,136253817734.0,0.7588351487835695,31324580701.0,0.5955061159156745,0.0,0.0,2.4236219991376835,0.0765464564676544,2.3470755426700336,2.0901967276639084,0.2275674530715548,1.8626292745923545,0.0,0.0,0.0,1788,985,21997,4937,1930,22778,44775,82592,1649721.737383766,379268.94494624174,0.0,False,False
Республика Бурятия,2010,169750148256.0,0.7519147493013412,38757175542.0,0.537523255250329,0.0,0.0,2.412556480542598,0.0862130840717956,2.3263433964708007,1.9773507373213024,0.2941667961445313,1.6831839411767715,0.0,0.0,0.0,1675,1745,22494,6419,2875,27267,49761,83654,2029193.4427044732,463303.3153465465,0.0,False,False
Республика Бурятия,2011,207819170271.0,0.6269428040690319,78466180831.0,0.5846560745041055,0.0,0.0,2.117559329997171,0.1951921091472453,1.922367220849921,2.1217150617223304,0.3011599452804533,1.8205551164418807,0.0,0.0,0.0,1685,2352,22259,5107,4650,29499,51758,100710,2063540.5647006256,779129.9854135637,0.0,False,False
Республика Бурятия,2012,195220836000.0,0.5987078310808421,51608633618.0,0.299209556861351,11428883000.0,0.5331609153969539,2.0815665583254734,0.2560065732195775,1.8255599851058977,1.4613673644656586,0.6059410771284278,0.8554262873372345,1.6332078910148589,0.1616696995831052,1.471538191431755,1824,1628,21521,2098,4588,26947,48468,93702,2083422.2962156625,550774.0882585217,121970.53424686773,False,False
Республика Бурятия,2013,226320377665.0,0.5319500519451437,68252082830.0,0.3205299172583632,10835651329.0,0.4481450467889307,1.9217871954212953,0.2482330240117473,1.673554171409549,1.4902776140695728,0.5497091500250137,0.9405684640445564,1.6343394055320353,0.2615034031902778,1.3728360023417563,2026,1158,22262,2029,3872,24388,46650,402,562986014.0920398,169781300.5721393,26954356.53980099,False,False
Республика Бурятия,2014,235571931356.0,0.5672444289027285,83858412257.0,0.367018943291569,11855249000.0,0.4558522560278117,2.0027891618573292,0.2275008796461838,1.7752882822111469,1.601657645326764,0.4847763498604628,1.1168812954662997,1.5748353972971785,0.2046859743822549,1.3701494229149205,1813,935,23109,3364,2070,23880,46989,202541,1163082.691188451,414031.78742575576,58532.58846357034,False,False
Республика Бурятия,2015,259292664807.0,0.5582586378366061,88324060667.0,0.3551064898935617,12529008911.0,0.4214532264840926,1.9746277114629895,0.222521233411526,1.7521064780514628,1.577268733203173,0.5114170663312102,1.0658516668719606,1.5681399642493368,0.2378133767520606,1.3303265874972787,1605,923,23617,3571,2157,25381,48998,180275,1438317.375160172,489940.7054056303,69499.42538344197,False,False
Республика Бурятия,2016,260090132825.0,0.5004422824884757,74028626000.0,0.3176584419888187,10873989000.0,0.3578729527262319,1.884084325573216,0.3207358908369193,1.563348434736298,1.5330973682073683,0.6488017971212339,0.8842955710861311,1.480397571230892,0.3685379039999612,1.1118596672309309,1500,2375,24065,4221,4003,27445,51510,203472,1278260.0693215774,363827.0916882913,53442.188605803254,False,False
Республика Бурятия,2017,261955106000.0,0.4771127295440486,78803208000.0,0.3150796253798676,15536954000.0,0.3933782776342999,1.8444066906991168,0.3616329591926984,1.4827737315064198,1.5337987611862047,0.6530133434607053,0.8807854177254981,1.5839285873610152,0.3627834585628879,1.221145128798124,1424,1533,23269,4262,4170,27704,50973,218257,1200213.995427409,361056.9557906505,71186.50948194102,False,False
Республика Бурятия,2018,412318212234.0,0.590839326333796,92268282739.0,0.2783125007846639,20370517000.0,0.3519920565266223,2.113341548073521,0.2798869264552903,1.8334546216182304,1.389994149604462,0.6148487311221539,0.7751454184823068,1.453777836353673,0.315668429556759,1.1381094067969144,1517,1635,23095,4697,4528,28231,51326,150345,2742480.3766936045,613710.3511190928,135491.81549103727,False,False
Республика Бурятия,2019,426544954917.0,0.6111672287629708,83539439953.0,0.2222951477876302,19909523025.0,0.3451138924825795,2.145681183383399,0.2476595972148899,1.898021586168511,1.2546788812691076,0.7907357783974713,0.4639431028716352,1.3936687908076948,0.3018754929938557,1.0917932978138405,1573,1542,22986,4819,5375,28522,51508,56739,7517667.828424893,1472346.0045647614,350896.6147623328,False,False
Республика Бурятия,2020,439889288000.0,0.5778817391706136,95296026000.0,0.2289744396572119,22568836000.0,0.3473982275664852,2.0520704955021714,0.2478111115443016,1.8042593839578664,1.261127213195028,0.7234504421023047,0.5376767710927268,1.4569661152961686,0.382742401039324,1.0742237142568456,2418,1398,23770,4395,5559,27542,51312,54920,8009637.436270939,1735178.914785142,410940.20393299346,False,False
Республика Бурятия,2021,395642877000.0,0.4934151211944783,111984977000.0,0.2744149786535814,40473149000.0,0.4855413355321052,1.8762950312738944,0.3303489100686809,1.5459461212052157,1.4096783323027149,0.671399024573722,0.7382793077289946,1.7988403235704062,0.2928537463149454,1.5059865772554597,1691,2110,23985,5706,4959,27689,51674,55272,7158106.762917933,2026070.6506006657,732254.1069619337,False,False
Республика Бурятия,2022,444881615000.0,0.4417490920558448,170828900000.0,0.5005995225335957,56241591000.0,0.5233655251089202,1.876584992152079,0.6027270571422372,1.2738579350098398,1.9488680248349617,0.4156561305210676,1.5332118943138937,1.9506907996915004,0.3038840273312988,1.6468067723602005,878,852,22655,5588,4158,28318,50973,52238,8516436.597878939,3270203.68314254,1076641.3530380183,False,False
Республика Бурятия,2023,380436709000.0,0.6230059381813173,183359324000.0,0.7129102920674895,25307092000.0,0.3777528252746146,2.0445779705312432,0.0857833781409394,1.958794592390305,2.3094062339773167,0.0956118225390495,2.2137944114382684,1.4808442155636286,0.288649936078939,1.192194279484692,928,2181,22654,6774,3648,30934,53588,50404,7547748.373144989,3637793.111657805,502084.9932545036,False,False
Республика Бурятия,2024,463516713000.0,0.6416758162252084,242317562000.0,0.3537802305191336,38474092000.0,0.3454163157578161,2.1101772425964427,0.0993495016434019,2.0108277409530366,1.7118139389265394,0.995986860161345,0.7158270787651908,1.5545257992607835,0.4983482168564586,1.0561775824043274,932,2127,21613,7022,4042,34308,55921,51237,9046523.27419638,4729347.190506861,750904.4635712473,False,False
Республика Бурятия,2025,477915849000.0,0.5292977417211518,316822726000.0,0.3792465456269591,41189689000.0,0.3842968676471477,1.8256515153801944,0.1381172709006188,1.687534244479572,1.7640952908925485,0.7902254092305585,0.9738698816619902,1.5130238099909157,0.3054928091127894,1.2075310008781202,811,1405,20269,6658,4699,36924,57193,50182,9523650.890757645,6313473.476545375,820806.045992587,False,False
Республика Саха (Якутия),2009,314156692239.0,0.310875509377519,239809673325.0,0.4218172091372913,0.0,0.0,1.944045128900047,0.7859100170254916,1.1581351118745538,2.3495760853525027,1.96453706313859,0.3850390222139133,0.0,0.0,0.0,2117,829,29357,5755,2158,31660,61017,160072,1962596.1582225496,1498136.2969476236,0.0,False,False
Республика Саха (Якутия),2010,382786960693.0,0.4406384840985159,101035674080.0,0.3888541746897115,0.0,0.0,2.2345135480562384,0.5156491061227215,1.7188644419335155,1.9841091400662485,0.4211669851367218,1.5629421549295266,0.0,0.0,0.0,2008,918,30344,5364,3004,34866,65210,160160,2390028.4758553947,630842.1208791209,0.0,False,False
Республика Саха (Якутия),2011,377909478661.0,0.3301814140790947,207053774166.0,0.2914092771497336,0.0,0.0,2.0039671614365133,0.7588522730309168,1.2451148884055954,1.963200900727319,1.0992121518065296,0.8639887489207894,0.0,0.0,0.0,2060,3657,31360,4568,3967,36430,67790,201294,1877400.611349568,1028613.7399326358,0.0,False,False
Республика Саха (Якутия),2012,389059640471.0,0.341983011709623,282223505781.0,0.2462662929968394,37519413535.0,0.2749099064135851,1.9520556935027713,0.593855091330581,1.3582006021721895,1.860924288468965,1.1137750826910224,0.7471492057779408,1.7857351438388989,0.7149887204309249,1.070746423407975,2071,1609,29745,3502,3614,35965,65710,242990,1601134.3696078027,1161461.4008025022,154407.23295197333,False,False
Республика Саха (Якутия),2013,417381390690.0,0.345920510895748,262393891118.0,0.2784744445726455,40857984000.0,0.2774022484298279,1.9020103445643564,0.4968598958056816,1.405150448758672,1.870276329605879,0.7957532713264082,1.0745230582794711,1.7865712570369432,0.6784927285596825,1.108078528477261,2146,1555,30437,3400,4127,35751,66188,10184,40984032.864296935,25765307.45463472,4011978.004713276,False,False
Республика Саха (Якутия),2014,495838654857.0,0.3200985413208045,298766893802.0,0.2853308389966061,45262022000.0,0.2790025609547504,1.8497757598060076,0.5452328342904066,1.304542925515598,1.8630724333528903,0.7456354691499035,1.117436964202987,1.7933991085456888,0.6762621015521774,1.117137006993513,2025,2077,31014,4473,2376,36097,67111,289422,1713203.0559425338,1032288.125304918,156387.6346649529,False,False
Республика Саха (Якутия),2015,525789949940.0,0.2582528017483585,308827096997.0,0.2729164787164627,49318222000.0,0.2778375568363329,1.7182074863459356,0.6892067207999139,1.029000765546023,1.8105066643660663,0.739748862487437,1.070757801878628,1.801255094241263,0.6927480995464443,1.108506994694821,1852,875,30631,5264,2452,38985,69616,254248,2068020.0038545043,1214668.7368120889,193976.8336427425,False,False
Республика Саха (Якутия),2016,805729801202.0,0.257876548339096,683190668736.0,0.251897104718379,48383682000.0,0.3284293679954482,1.9284234729089356,1.2976978791033644,0.6307255938055718,1.964854597356123,1.559377430943737,0.4054771664123855,1.9699340212179417,0.6710637137278913,1.298870307490052,1842,1873,31578,6082,5131,42615,74193,304429,2646692.0076668123,2244170.7877239026,158932.56555715782,False,False
Республика Саха (Якутия),2017,769220349317.0,0.2545632314677515,699233554096.0,0.2357399083556247,90965928000.0,0.321728280951068,1.8965748684135093,1.1466341240905695,0.7499407443229416,1.9247814219298824,1.5763264560480794,0.3484549658818068,2.131831988932376,1.5885154501459948,0.5433165387863781,1739,2664,31458,6596,6031,44080,75538,340393,2259800.728325788,2054194.8691541837,267237.9514267332,False,False
Республика Саха (Якутия),2018,987589993823.0,0.1959386958978135,806791309162.0,0.1996704695724516,113763120000.0,0.2712676966222296,1.67448299493595,1.1313335505644593,0.5431494443714904,1.755435225900463,1.4436583825359264,0.3117768433645373,1.981923293969615,1.3134926500306894,0.668430643938926,1546,1873,30261,6284,6816,44333,74594,261068,3782884.129127277,3090349.2927589747,435760.4915194509,False,False
Республика Саха (Якутия),2019,1050840580653.0,0.1837628215197258,877012634989.0,0.1842343352266227,143113942743.0,0.2269504042799439,1.591708795872698,1.0120017686526246,0.5797070272200706,1.6500838111173977,1.336566854698761,0.3135169564186348,1.761140133412738,1.1804040379210927,0.5807360954916412,1581,2302,29934,6846,7087,44363,74297,108221,9710135.561979651,8103904.371508302,1322423.0301235437,False,False
Республика Саха (Якутия),2020,1069608498000.0,0.1831785806924034,945699197000.0,0.1855581159669375,140570638000.0,0.2207240899412441,1.553656833511447,0.9340644133805898,0.6195924201308571,1.6427182972927312,1.3236038161367023,0.3191144811560313,1.7089608725425445,1.1172804798358509,0.5916803927066958,1300,2746,28944,5371,8810,42647,71591,107458,9953735.394293584,8800640.222226359,1308144.931042826,False,False
Республика Саха (Якутия),2021,950050097000.0,0.2791031556992847,674783871000.0,0.2434459695903075,115947932000.0,0.2679921921023072,1.881604177835143,0.9817338963654622,0.8998702814696813,1.7530769020700028,1.055767790509546,0.6973091115604575,1.7613464105020429,0.6941130681734831,1.06723334232856,1376,1637,27558,7394,7360,41231,68789,92858,10231214.29494497,7266836.1476663295,1248658.5108445152,False,False
Республика Саха (Якутия),2022,1350408569000.0,0.2393513660351275,1038072569000.0,0.2221520526733867,130545385000.0,0.2722470726085492,1.866218033178825,1.258342091108135,0.6078759420706881,1.804720139814183,1.3697187843549183,0.4350013554592635,1.7933446842585852,0.7452956946297092,1.048048989628871,1355,1321,27258,6550,5471,40421,67679,185786,7268623.949059671,5587463.904707567,702665.3515334848,False,False
Республика Саха (Якутия),2023,1461573852000.0,0.2342984203473007,1132265853000.0,0.2508234040013497,140124965000.0,0.266729795845453,1.8347266396743969,1.1874491207701965,0.6472775189042004,1.9746322547124393,1.4398494383857483,0.5347828163266968,1.813796192483114,0.8846310655108712,0.92916512697224,1291,1290,27187,7370,4879,42320,69507,73547,19872650.84911689,15395133.084966077,1905243.7896855073,False,False
Республика Саха (Якутия),2024,1338238227000.0,0.2619278054729237,1021620446000.0,0.2548042008253847,432125110000.0,0.6759658273914657,1.7761435345869216,0.7755458349602645,1.0005976996266597,1.9038635979084864,1.1765679379838616,0.727295659924625,2.7711554016678974,0.2876599269017784,2.483495474766116,1250,1634,27534,8484,5149,45925,73459,72483,18462787.508795165,14094621.44226922,5961744.271070458,False,False
Республика Саха (Якутия),2025,1461827349000.0,0.288844787565478,1201518888000.0,0.2893160919681493,185366321000.0,0.2798030169240769,1.8678996867464264,0.7383600257175286,1.129539661028904,1.9900765556875089,0.9916594053831642,0.9984171503043447,1.8624142512976365,0.8128751900354731,1.0495390612621591,1277,1260,27132,8056,5273,48832,75964,71079,20566234.0353691,16903992.571645632,2607891.515074776,False,False
Сахалинская область,2009,215441215500.0,0.6330210142139966,36527500000.0,0.4751431850712821,0.0,0.0,1.8629488229793196,0.0695661586362369,1.7933826643430812,1.4959596923582303,0.1346668304385996,1.3612928619196296,0.0,0.0,0.0,1267,981,16797,1383,419,11547,28344,114276,1885270.8836501103,319642.7946375442,0.0,False,False
Сахалинская область,2010,248487543000.0,0.6513458563844712,41241361000.0,0.4694663928322855,0.0,0.0,1.9116334131448625,0.0688849929393219,1.8427484202055384,1.4783187036401095,0.1326292816997568,1.345689421940353,0.0,0.0,0.0,1196,704,16881,1490,618,12618,29499,104333,2381677.3504068702,395285.8731178055,0.0,False,False
Сахалинская область,2011,290438777656.0,0.6677698010746103,90281908000.0,0.638328868439066,0.0,0.0,1.948487838704974,0.0610529560526193,1.8874348826523537,1.890279834860923,0.0834613873885933,1.806818447472331,0.0,0.0,0.0,1158,1275,17241,1382,801,13382,30623,119642,2427565.3838618547,754600.4580331321,0.0,False,False
Сахалинская область,2012,307579199000.0,0.6461020758386687,135138467000.0,0.7155845279425921,26110216000.0,0.4965284035815142,1.892907219975772,0.0641611732678935,1.828746046707877,2.07434853197687,0.0569347491311357,2.0174137828457326,1.5286756242729955,0.1073914769051645,1.4212841473678317,1189,829,17137,1180,709,13761,30898,149042,2063708.209766375,906713.993370996,175186.96743199904,False,False
Сахалинская область,2013,348723630000.0,0.6189851523324406,113807378603.0,0.5877551658616444,30140425000.0,0.5068698592545531,1.816216250037332,0.0600100500621412,1.7562061999751926,1.757599284607533,0.087116571392265,1.670482713215268,1.552731614528824,0.1024900487505573,1.4502415657782637,1127,725,17617,1145,831,14197,31814,958,364012139.87473905,118796846.14091858,31461821.503131524,False,False
Сахалинская область,2014,441462054000.0,0.6718183934570517,120651358000.0,0.5438549000283852,34853234000.0,0.526010475093336,1.9527571403663089,0.0539814405850971,1.8987756997812113,1.647756682650826,0.0967879652085779,1.5509687174422488,1.6062908458259244,0.1042074351989254,1.502083410626998,1164,983,18124,1466,458,14832,32956,178637,2471280.04836624,675399.5980675896,195106.46730520553,False,False
Сахалинская область,2015,508398536000.0,0.6549387535352885,157058511000.0,0.5797724323405338,42019927000.0,0.5292552111822948,1.9088023326700316,0.0554969109586305,1.853305421711401,1.7365631377061028,0.0875061264466511,1.6490570112594511,1.6227420304495972,0.1134558374960167,1.5092861929535817,1257,812,18292,2003,469,16377,34669,170914,2974586.844845946,918932.97798893,245854.2132300455,False,False
Сахалинская область,2016,530003627000.0,0.6345857197748213,168912472000.0,0.5143338681171591,52171056000.0,0.5585046279799093,1.8553574735609215,0.0567476855032514,1.7986097880576717,1.5892547530814871,0.1202366797222181,1.469018073359269,1.697389673579206,0.108610003046597,1.5887796705326096,1070,885,18559,2194,1527,18102,36661,192508,2753151.1781328567,877430.922351279,271007.21008997026,False,False
Сахалинская область,2017,530132395000.0,0.5968443629666852,211428073000.0,0.5191999289147631,57689545000.0,0.5365449423932411,1.7820027492156427,0.0877901933222898,1.6942125558933512,1.5952574973165028,0.1112152148574635,1.4840422824590431,1.6499696651667684,0.1218828241526596,1.5280868410141115,987,1520,18675,2321,1510,18896,37571,194370,2727439.393939394,1087760.8324329886,296802.7216134177,False,False
Сахалинская область,2018,618797498050.0,0.5570856983501766,233889809380.0,0.4927834235010201,63957196000.0,0.5236303308015875,1.7055732011548272,0.1237402378355463,1.5818329633192825,1.539539800775863,0.1293540899096699,1.4101857108661946,1.6145320718484228,0.122048600717909,1.4924834711305124,801,1366,17930,2700,1884,20086,38016,174126,3553734.0664231647,1343221.629050228,367304.11311349255,False,False
Сахалинская область,2019,665305064939.0,0.5382797088606006,246839160179.0,0.4378397160100584,81841196212.0,0.5110356812574404,1.6504194948729385,0.1185902981648357,1.5318291967081024,1.4162881073033162,0.1632155679712333,1.2530725393320807,1.573663325724301,0.1140664497532813,1.459596875971016,793,1173,17355,3039,1896,21241,38596,79873,8329536.450853229,3090395.5051018493,1024641.5711441914,False,False
Сахалинская область,2020,655151923000.0,0.495954858624108,255015311000.0,0.3986181279645076,90711291000.0,0.5064117247120171,1.5643933018636282,0.1521974577914984,1.4121958440721265,1.331948946927369,0.1969866916286413,1.1349622552987275,1.571691624555207,0.1265412351706897,1.4451503893845192,681,1436,16864,2567,3481,21912,38776,76051,8614639.16319312,3353214.435050164,1192769.2075054897,False,False
Сахалинская область,2021,620748087000.0,0.4387131860597745,301475655000.0,0.4184087382144356,87177328000.0,0.4748941529099054,1.4644410254002622,0.2325822593994757,1.2318587660007836,1.397412660467083,0.2108686327302842,1.1865440277367971,1.5012261986792197,0.1447653262243788,1.3564608724548428,566,1087,15995,2826,3575,21257,37252,77573,8002115.259175229,3886347.762752504,1123810.1916904077,False,False
Сахалинская область,2022,987012736000.0,0.5596636745183491,975309430000.0,0.7116182105362528,93310658000.0,0.4751089929057933,1.7618032362970126,0.1861379639535845,1.575665272343425,2.123509085571449,0.1244289397909513,1.9990801457804928,1.512671560250066,0.1576140787471298,1.3550574815029428,574,977,15475,2785,2662,20467,35942,76046,12979153.880545983,12825256.160744812,1227029.1402572128,False,False
Сахалинская область,2023,1388745534000.0,0.6526852388400622,963551889000.0,0.6705726964355582,123806721000.0,0.4975676481139806,1.9782408203245792,0.1440809295027421,1.8341598908218373,2.039750850713421,0.1573159845984165,1.8824348661150057,1.574039132856356,0.1582029098226296,1.415836223033729,649,798,15141,3111,2358,20916,36057,71399,19450489.978851244,13495313.505791398,1734011.9749576324,False,False
Сахалинская область,2024,845349500000.0,0.4125195711644675,507255014000.0,0.3612846942480494,115716418000.0,0.4044043655628315,1.3963767953906905,0.2425455000589935,1.1538312953316954,1.3331512708193003,0.3759021733510386,0.9572490974682636,1.3532544221696805,0.2076987516641067,1.1455556705055727,721,648,15196,3405,2256,21963,37159,69207,12214797.636077275,7329533.342002977,1672033.4359241116,False,False
Сахалинская область,2025,871378741000.0,0.4291897415535433,546974011000.0,0.3503869225556007,130753262000.0,0.407374527705327,1.4454816944179465,0.242663006282298,1.2028186881356504,1.2957841707434383,0.3660309858241304,0.9297531849193064,1.360998915592436,0.2105648276268741,1.1504340879655643,611,788,15174,3369,2617,23076,38250,69411,12553899.828557434,7880220.872772327,1883754.1888173344,False,False
Хабаровский край,2009,454887048446.0,0.5713772662379352,156919580438.0,0.3700854549653526,0.0,0.0,2.0522986523588926,0.2722137847430591,1.7800848676158374,1.7182322957177476,0.6322399350850263,1.0859923606327229,0.0,0.0,0.0,3883,2557,44396,2712,1177,22306,66702,240361,1892516.0423113569,652849.5905658572,0.0,False,False
Хабаровский край,2010,572309598559.0,0.5671731807433052,160659670568.0,0.3774063182891802,0.0,0.0,2.053500268464205,0.2913421765857445,1.762158091878458,1.6939623791412828,0.5556506266419927,1.1383117524992912,0.0,0.0,0.0,4034,2890,45339,3057,1258,24186,69525,272973,2096579.5099112368,588555.1705406762,0.0,False,False
Хабаровский край,2011,679189219782.0,0.5764221907019605,421065380634.0,0.4717986484732787,0.0,0.0,2.0912951402371824,0.3057762997392217,1.7855188404979572,2.0164981878902033,0.6435032390463452,1.372994948843857,0.0,0.0,0.0,4295,5213,45973,3019,1495,25947,71920,314419,2160140.5124435863,1339185.547419208,0.0,False,False
Хабаровский край,2012,780331974684.0,0.5886208701475407,529007394537.0,0.5536394663499032,52221031000.0,0.5313199575389834,2.093184576071419,0.2601976227617711,1.8329869533096463,2.1190099228129107,0.4182934543642322,1.7007164684486753,1.9086205918551045,0.2287673257091787,1.6798532661459298,4523,4761,45186,2677,1440,27129,72315,360241,2166138.7090420024,1468481.9177633862,144961.37585671814,False,False
Хабаровский край,2013,932487201788.0,0.6359190368031471,522174144881.0,0.6509534972683478,59740807000.0,0.5516187466077389,2.1665449852382466,0.1845397817542427,1.982005203484004,2.230464176537023,0.2011745972473397,2.0292895792896815,1.9178731759072072,0.212050310500825,1.7058228654063825,4400,2944,45209,2716,1834,28405,73614,741,1258417276.3670716,704688454.6302295,80621871.79487179,False,False
Хабаровский край,2014,1074829658518.0,0.6203884919594972,564062366197.0,0.6047353609527854,87989604000.0,0.6302469273635343,2.1375124115331197,0.202210357549735,1.935302053983385,2.1198291374486544,0.2238456908315345,1.8959834466171197,2.1484648930798578,0.1787521462823681,1.969712746797487,4197,2983,46851,3486,1217,30057,76908,472658,2274011.3539134003,1193383.7281861303,186159.13408849528,False,False
Хабаровский край,2015,1151591394774.0,0.6276727984122665,585101923868.0,0.6072530341824804,70228553000.0,0.5098739066612967,2.135615774062984,0.173249919973873,1.962365854089111,2.115969133365571,0.2116810120797899,1.9042881212857807,1.8635973020049832,0.2490093159057688,1.6145879860992132,3916,2630,47391,4195,1338,33035,80426,420049,2741564.4240886183,1392937.3093805723,167191.33482046143,False,False
Хабаровский край,2016,1119855357035.0,0.6838655156494737,600609946187.0,0.6351165616502467,71454954000.0,0.563869992242831,2.266384162424348,0.1401552927942556,2.126228869630097,2.192922309002583,0.2093008167627208,1.983621492239866,2.0299740349452975,0.2654559757924957,1.764518059152799,4115,5115,48499,5097,4411,36794,85293,474945,2357863.2410805463,1264588.4179999789,150448.90250450053,False,False
Хабаровский край,2017,1160238826014.0,0.6684301936941465,630949370214.0,0.6338921018224555,73446720000.0,0.5523917517106857,2.2338777279029465,0.1531801137498268,2.0806976141531166,2.1790710225425904,0.1978276520798239,1.9812433704627672,1.9995044437182408,0.2689567236296777,1.7305477200885626,3268,5451,46786,5477,4806,37860,84646,470365,2466677.6354830824,1341403.740103962,156148.35287489503,False,False
Хабаровский край,2018,1383765894171.0,0.6272864810700416,701236222714.0,0.5976592163125707,88357828816.0,0.4828159413029317,2.122963335634786,0.1596105795942286,1.9633527560405568,2.0651748708825437,0.1853551456094949,1.879819725273048,1.7792596867717236,0.2445274756892781,1.5347322110824422,2707,3981,43639,6503,5358,39557,83196,391086,3538264.970290422,1793048.6458579444,225929.4089177317,False,False
Хабаровский край,2019,1482021816577.0,0.6183811621090491,814149976123.0,0.5343083035473166,98998397502.0,0.4771350902780574,2.119202117185452,0.1839377663189519,1.9352643508665004,1.8976749528168817,0.201401861801149,1.696273091015733,1.7546182610915153,0.2321367246434659,1.5224815364480475,2605,5124,42055,6460,5805,40659,82714,186573,7943388.467661452,4363707.375252582,530614.81297937,False,False
Хабаровский край,2020,1612396365000.0,0.6147328334023433,750774999000.0,0.4771605030860633,110038401000.0,0.4428969822545029,2.104258753047212,0.1779859414201084,1.9262728116271075,1.7483668672282917,0.2206845924828367,1.5276822747454624,1.6660226745500673,0.2432250516661328,1.4227976228839374,2126,3984,38890,5197,8115,40051,78941,172352,9355251.83925919,4356056.20474378,638451.5468343855,False,False
Хабаровский край,2021,1770914621000.0,0.5456184524533603,812860855000.0,0.4536338076838745,114839048000.0,0.4708670112642622,1.950601203572152,0.2257448037188068,1.7248563998533442,1.7132246096427792,0.2610296554386252,1.452194954204149,1.7291514799362029,0.217504562271602,1.5116469176645992,1950,3205,36776,6385,7312,38321,75097,160132,11059092.62983039,5076192.484949917,717152.3992706018,False,False
Хабаровский край,2022,1879932113000.0,0.5455006393971304,995955779000.0,0.440957283538635,143160047000.0,0.5090602418584038,1.957728176272802,0.2336101396398806,1.7241180366329232,1.713739339425505,0.3129193031667661,1.400820036258743,1.8188469251261272,0.1936128642523916,1.6252340608737406,1884,2703,35304,5893,4771,36902,72206,172153,10920124.035015363,5785294.354440527,831586.1297799051,False,False
Хабаровский край,2023,2211857964000.0,0.5728403114839642,1096093905000.0,0.4738426217102531,171221509000.0,0.5887843630288857,2.044403573352593,0.2442867241739404,1.8001168491786537,1.8811187433648868,0.4180000694651996,1.463118673899686,2.0155412655881655,0.1589777806769962,1.8565634849111667,1987,1605,34503,7214,4276,39345,73848,154867,14282306.521079378,7077646.658100177,1105603.5759716402,False,False
Хабаровский край,2024,2424121902000.0,0.6126897330561029,1152241146000.0,0.3708597616229407,197425848000.0,0.6037766853940991,2.108400605709999,0.1891810530929846,1.9192195526170153,1.675777946173579,0.6262647242152676,1.049513221958307,2.047980226766004,0.1481983586149996,1.899781868151006,2155,1826,35101,7481,4680,42550,77651,160120,15139407.332001,7196110.079940045,1232986.8098925806,False,False
Хабаровский край,2025,2924768153000.0,0.4802727485726841,1341215123000.0,0.3453473092313971,237563244000.0,0.5773904776263372,1.8129492792853237,0.2855148424170292,1.527434436868294,1.6652773650867267,0.7509532998345949,0.9143240652521314,1.9891354836592576,0.16582366426404,1.8233118193952151,1730,2524,34848,7598,5160,45468,80316,149575,19553856.94801939,8966840.200568277,1588255.0158783218,False,False
Чукотский автономный округ,2009,54321828000.0,0.6627818349670451,26956492000.0,0.5454204776347159,0.0,0.0,1.1809389025991628,1.180938902599163,0.0,1.0088193641236636,1.0088193641236665,0.0,0.0,0.0,0.0,69,82,2342,189,103,1367,3709,25900,2097367.8764478764,1040791.1969111968,0.0,False,False
Чукотский автономный округ,2010,53616570000.0,0.6185322602642729,27663781000.0,0.4385158600154789,0.0,0.0,1.0990084345030589,1.0990084345030564,0.0,0.819948819130289,0.8199488191302883,0.0,0.0,0.0,0.0,82,153,2339,175,121,1439,3778,19733,2717101.8091521817,1401904.474737749,0.0,False,False
Чукотский автономный округ,2011,59799705000.0,0.6090967834117825,32085847000.0,0.3982936937249436,0.0,0.0,1.0867053981131995,1.0867053981131998,0.0,0.7812509398021241,0.7812509398021242,0.0,0.0,0.0,0.0,101,429,2293,175,182,1493,3786,22531,2654107.8957880256,1424075.5847499,0.0,False,False
Чукотский автономный округ,2012,61665244000.0,0.6631075518753704,38828143000.0,0.4351750643428323,8682966000.0,0.3843068853183199,1.1801157926570411,1.180115792657039,0.0,0.8593144873117922,0.8593144873117925,0.0,0.682798772141922,0.6827987721419198,0.0,84,146,1947,116,146,1427,3374,21637,2849990.479271618,1794525.257660489,401301.7516291538,False,False
Чукотский автономный округ,2013,107381803000.0,0.389162602654811,42376210000.0,0.4850197299402126,10730857000.0,0.3496593213947988,0.8018198715081262,0.801819871508127,0.0,0.8928534531654897,0.8928534531654888,0.0,0.5999865909303672,0.5999865909303659,0.0,50,170,1854,104,191,1385,3239,0,0.0,0.0,0.0,False,False
Чукотский автономный округ,2014,138132100619.0,0.3963617246820899,43125774000.0,0.4287253113985484,25922276000.0,0.4473539413218316,0.8203174564404314,0.820317456440431,0.0,0.8169116786828532,0.8169116786828545,0.0,0.8719697482884747,0.8719697482884768,0.0,55,95,1756,141,152,1335,3091,21732,6356161.449429413,1984436.4991717285,1192815.939628198,False,False
Чукотский автономный округ,2015,109075260000.0,0.558897122014617,42682126000.0,0.4032707431972141,12767215000.0,0.3844416235466859,1.0102785580574292,1.010278558057428,0.0,0.7559125870313324,0.7559125870313337,0.0,0.6933332860326722,0.6933332860326734,0.0,42,78,1702,187,140,1370,3072,29441,3704876.1930640945,1449751.2312761114,433654.2576678781,False,False
Чукотский автономный округ,2016,36703279000.0,0.3432075751458042,20805929000.0,0.423366655221836,8068725000.0,0.3330575731393849,0.5842354209663867,0.5842354209663868,0.0,0.7630579786252376,0.7630579786252408,0.0,0.5716460086530368,0.5716460086530369,0.0,68,116,1693,140,143,1370,3063,34932,1050706.4868888126,595612.3039047292,230983.7684644452,False,False
Чукотский автономный округ,2017,34275402673.0,0.3986859000041224,21328152000.0,0.4327394132101229,9987172469.0,0.3142868647852612,0.7121359370711176,0.7121359370711173,0.0,0.7774290730865658,0.7774290730865665,0.0,0.5339796418615137,0.5339796418615127,0.0,125,74,1703,150,137,1377,3080,30016,1141904.4067497335,710559.434968017,332728.2938765992,False,False
Чукотский автономный округ,2018,107868278459.0,0.4540045810773942,45478919000.0,0.3343759722489851,21003415854.0,0.3182005625093195,0.8076260404832993,0.8076260404833007,0.0,0.6207453553227786,0.6207453553227777,0.0,0.5356936981697586,0.5356936981697563,0.0,70,48,1685,165,172,1405,3090,18021,5985698.821319572,2523662.3383829976,1165496.6901947728,False,False
Чукотский автономный округ,2019,121164573800.0,0.459609075088162,50225990737.0,0.3110907319510556,22347400000.0,0.3284090578001117,0.8334785863475993,0.8334785863475995,0.0,0.5715524929802456,0.5715524929802444,0.0,0.5673946565983421,0.5673946565983418,0.0,78,77,1713,195,171,1428,3141,6325,19156454.355731227,7940868.100711462,3533185.7707509883,False,False
Чукотский автономный округ,2020,162412541000.0,0.4430430395891348,63856274000.0,0.3252992955906867,27733224000.0,0.3100508981993872,0.7989567951304437,0.7989567951304423,0.0,0.5970366698625007,0.5970366698625001,0.0,0.5138985828052114,0.5138985828052116,0.0,55,45,1692,201,170,1458,3150,8966,18114269.573946018,7122047.066696408,3093154.583983939,False,False
Чукотский автономный округ,2021,172920285000.0,0.4327290985497135,97146086000.0,0.3725749002442007,27150089000.0,0.3039410741140429,0.7870449550689322,0.7870449550689298,0.0,0.7120709575415596,0.7120709575415582,0.0,0.5084741926834013,0.5084741926834013,0.0,55,56,1702,201,228,1489,3191,7705,22442606.748864375,12608187.670343932,3523697.46917586,False,False
Чукотский автономный округ,2022,153834732000.0,0.373464456236695,170599005000.0,0.428506383618562,29869556000.0,0.2819177246785027,0.6749806849797046,0.6749806849797046,0.0,0.8265902858444854,0.8265902858444858,0.0,0.4765502440915306,0.4765502440915321,0.0,62,53,1708,240,140,1501,3209,8605,17877365.71760604,19825567.1121441,3471186.0546194073,False,False
Чукотский автономный округ,2023,223043804000.0,0.3450629519596537,245276821000.0,0.4065409573247411,36592816000.0,0.2646036939029425,0.6362276115077847,0.6362276115077838,0.0,0.8171343719238635,0.8171343719238615,0.0,0.4370046803326772,0.4370046803326742,0.0,77,37,1731,241,146,1602,3333,9073,24583247.43745178,27033706.71222308,4033155.075498732,False,False
Чукотский автономный округ,2024,260695439000.0,0.3424752981282,328360106000.0,0.4025447585747627,40470850000.0,0.2818001553127415,0.6523258020842491,0.652325802084247,0.0,0.8354392283069494,0.8354392283069513,0.0,0.48011597322661,0.4801159732266089,0.0,75,61,1826,257,156,1713,3539,9458,27563484.774793822,34717710.509621486,4279007.189680694,False,False
Чукотский автономный округ,2025,290917662000.0,0.3755577080163721,459910107000.0,0.4629408065720544,48063356000.0,0.3286391086584642,0.7144425881076764,0.7144425881076745,0.0,0.9759386804055624,0.975938680405564,0.0,0.5664693393149065,0.5664693393149065,0.0,72,90,1835,239,157,1796,3631,10708,27168253.82891296,42950140.73589839,4488546.507284273,False,False
Амурская область,2009,514119212281.0,0.3837722748700736,143094165801.0,0.3764223435298396,0.0,0.0,1.7712732368452286,1.7712732368452306,0.0,1.7592952702025428,1.7592952702025433,0.0,0.0,0.0,0.0,1388,1308,20177,2392,1641,20250,40427,105676,4865051.783574321,1354083.8582175707,0.0,False,True
Амурская область,2010,523302787992.0,0.4011269299641913,159796489737.0,0.3360939098323893,0.0,0.0,1.7746800662382256,1.7746800662382265,0.0,1.6500047301871454,1.650004730187145,0.0,0.0,0.0,0.0,1452,1540,20214,2545,2059,21154,41368,110680,4728070.0035417415,1443770.2361492591,0.0,False,True
Амурская область,2011,644291629017.0,0.3795164698327147,250995316137.0,0.3203683036118928,0.0,0.0,1.7702729191872884,1.7702729191872906,0.0,1.676494052982644,1.6764940529826462,0.0,0.0,0.0,0.0,1522,2387,20108,2822,2200,21917,42025,127134,5067815.289513427,1974257.9965784133,0.0,False,True
Амурская область,2012,721272662662.0,0.4443541842167687,311417007569.0,0.3544188292405884,60620720219.0,0.3328234424280056,1.8721463833805243,1.8721463833805243,0.0,1.7171747370691328,1.7171747370691346,0.0,1.6302597022287344,1.6302597022287353,0.0,1681,1592,19339,1817,1983,21534,40873,156219,4617061.065952285,1993464.351768991,388049.5984419309,False,True
Амурская область,2013,763615536750.0,0.4820302830694769,298038320871.0,0.3736173663380009,60423551479.0,0.3177203453121885,1.9458830892457648,1.945883089245764,0.0,1.753143692271809,1.75314369227181,0.0,1.5420876594222186,1.542087659422218,0.0,1437,921,19305,2004,2430,21555,40860,6,127269256125.0,49673053478.5,10070591913.166666,False,True
Амурская область,2014,731704500084.0,0.4552375462338788,289185937876.0,0.3406439617626578,68118697263.0,0.2785094637583248,1.853556641482964,1.8535566414829636,0.0,1.6937609233260602,1.6937609233260609,0.0,1.4550782854960929,1.455078285496095,0.0,1450,1217,19972,2600,1695,21725,41697,215350,3397745.5309217554,1342864.8148409566,316316.21668446716,False,True
Амурская область,2015,708388893008.0,0.4213831817589893,301441283568.0,0.288321116312055,57986421826.0,0.3230523748495141,1.773563451813665,1.7735634518136636,0.0,1.5597773761137717,1.559777376113772,0.0,1.5450027639487374,1.5450027639487347,0.0,1565,1068,20269,2888,1854,22918,43187,192053,3688507.3027133136,1569573.4175878533,301929.2686185584,False,True
Амурская область,2016,625137645977.0,0.4575416952866108,274330282525.0,0.2347005881153511,50713333693.0,0.4259622535298507,1.874735389803746,1.874735389803743,0.0,1.486240996293077,1.4862409962930774,0.0,1.763625697172035,1.7636256971720337,0.0,1400,1359,20485,3069,3106,24133,44618,210680,2967237.7348443135,1302118.2956379342,240712.61483292197,False,True
Амурская область,2017,644722965457.0,0.468847123201535,356878399501.0,0.2313779100309045,59899751626.0,0.4213824072049202,1.9011684979169845,1.9011684979169847,0.0,1.525033476540706,1.5250334765407088,0.0,1.7972723924083844,1.7972723924083849,0.0,1393,2192,20537,3061,3156,24088,44625,234184,2753061.547573703,1523923.0669089262,255780.71783725615,False,True
Амурская область,2018,784576425323.0,0.4543966996865682,590181964907.0,0.2619610619322034,68814940233.0,0.3641243414507507,1.8556318944567884,1.8556318944567889,0.0,1.5820492576974168,1.5820492576974154,0.0,1.6062872187823949,1.606287218782394,0.0,1113,1380,19338,3815,3348,24747,44085,173201,4529860.828303532,3407497.444627918,397312.6034664926,False,True
Амурская область,2019,836243813822.0,0.4335686404217083,1205277341173.0,0.3183034172050107,76036831628.0,0.3307885638142453,1.821864765592334,1.8218647655923317,0.0,1.779350741191024,1.7793507411910252,0.0,1.565951747860293,1.565951747860294,0.0,1061,1874,18954,3845,3879,25244,44198,93816,8913658.798307326,12847247.177165942,810488.9531423211,False,True
Амурская область,2020,861871580750.0,0.3851998305794255,1569043790313.0,0.3835143247780147,77153905980.0,0.3188713686470055,1.6993907954362193,1.6993907954362182,0.0,1.9123126760093676,1.9123126760093687,0.0,1.51880028962859,1.51880028962859,0.0,935,1288,18001,3106,4980,24471,42472,89048,9678730.35610008,17620202.478584584,866430.5316233941,False,True
Амурская область,2021,861799934816.0,0.4612998126147465,1672095010801.0,0.5111279522040825,83476441799.0,0.3197098143461249,1.8702915052779403,1.8702915052779423,0.0,2.227725422857755,2.227725422857755,0.0,1.550904706625296,1.550904706625295,0.0,854,1147,17553,3785,3795,23276,40829,94258,9142989.82384519,17739555.377803475,885616.51848119,False,True
Амурская область,2022,869823043892.0,0.4753695411668801,1035444565927.0,0.2787897748888122,82573835967.0,0.3124806562552958,1.905294857827787,1.9052948578277893,0.0,1.7284512166452437,1.7284512166452448,0.0,1.5226255701788354,1.5226255701788345,0.0,734,1071,17113,4012,2921,23493,40606,84382,10308158.658149842,12270917.564492429,978571.685513498,False,True
Амурская область,2023,1292345724678.0,0.4345520481772708,1290675044293.0,0.2991253796884781,94586720634.0,0.3204505957651991,1.8593429856932,1.8593429856932016,0.0,1.825109653714442,1.825109653714445,0.0,1.5705059910720038,1.5705059910720025,0.0,942,698,16973,5131,2842,25703,42676,82954,15579064.598186947,15558924.757009909,1140230.9790245197,False,True
Амурская область,2024,1249445862983.0,0.3434144424102229,1593808995521.0,0.3188093840630154,103729141407.0,0.3248479341666517,1.70594963959865,1.7059496395986515,0.0,1.8732954999070088,1.8732954999070073,0.0,1.620816131500554,1.620816131500552,0.0,893,848,17633,5268,3088,28129,45762,82618,15123167.626703624,19291304.504115324,1255527.1418698104,False,True
Амурская область,2025,1225596678000.0,0.3626079010372319,1905082899000.0,0.3843423252066053,108630971000.0,0.3586154471081156,1.8203155835646143,1.8203155835646136,0.0,2.075825627229694,2.075825627229696,0.0,1.720935838449268,1.7209358384492703,0.0,978,884,17737,4744,3449,29785,47522,84742,14462682.943522692,22480976.36355054,1281902.3742654177,False,True
Еврейская автономная область,2009,28290542457.0,0.3958553054500532,6697141665.0,0.5167099160147636,0.0,0.0,0.5776488498947252,0.5776488498947258,0.0,0.8091953512284036,0.8091953512284049,0.0,0.0,0.0,0.0,254,178,4756,564,527,4828,9584,8692,3254779.3898987575,770494.8993327197,0.0,False,True
Еврейская автономная область,2010,31397402751.0,0.3567154122335779,7015374186.0,0.503763968993641,0.0,0.0,0.5171796784562233,0.5171796784562259,0.0,0.7867409647897325,0.786740964789732,0.0,0.0,0.0,0.0,322,131,4882,557,530,4858,9740,7719,4067547.96618733,908844.9521958804,0.0,False,True
Еврейская автономная область,2011,31859684395.0,0.4183448503885689,18547577089.0,0.6654670243695713,0.0,0.0,0.6476807292499771,0.6476807292499761,0.0,1.057706569223139,1.057706569223139,0.0,0.0,0.0,0.0,266,819,5005,538,522,4866,9871,11927,2671223.6434141025,1555091.564433638,0.0,False,True
Еврейская автономная область,2012,37213834945.0,0.3743116174880049,21854885388.0,0.7006497793843147,3353935464.0,0.4446816693469329,0.5628944447403192,0.5628944447403197,0.0,1.1266830146301174,1.126683014630117,0.0,0.757595420668352,0.7575954206683495,0.0,316,334,4493,317,572,4661,9154,13190,2821367.319560273,1656928.3842304775,254278.6553449583,False,True
Еврейская автономная область,2013,48886769389.0,0.4881807864123617,28561103736.0,0.6993824322955429,3981891761.0,0.4455954742477332,0.7433601651483634,0.7433601651483616,0.0,1.1368230699285036,1.1368230699285022,0.0,0.7595610674139692,0.7595610674139673,0.0,278,561,4456,386,798,4475,8931,0,0.0,0.0,0.0,False,True
Еврейская автономная область,2014,47293920252.0,0.5108224769508207,31276715974.0,0.7317923530525137,3849570999.0,0.4540996283849033,0.7985232120251595,0.7985232120251597,0.0,1.1867034890233867,1.1867034890233872,0.0,0.8115850870137962,0.8115850870137982,0.0,260,231,4199,529,548,4206,8405,37187,1271786.383736252,841065.8556484793,103519.26745905828,False,True
Еврейская автономная область,2015,44161782743.0,0.4992969648399498,32955267272.0,0.7429521121357815,3463789362.0,0.4823477014459055,0.7617857495667941,0.7617857495667938,0.0,1.1938855526505812,1.19388555265058,0.0,0.8438520301709431,0.8438520301709448,0.0,242,204,4198,508,499,4166,8364,34291,1287853.4525968912,961047.1340001748,101011.61710069698,False,True
Еврейская автономная область,2016,46096603908.0,0.4637232208839534,34068120894.0,0.7171447708084827,3741160836.0,0.4750132334110827,0.7030422425881753,0.703042242588176,0.0,1.1330917344173308,1.133091734417329,0.0,0.816828466792149,0.816828466792146,0.0,224,264,4214,556,593,4223,8437,36847,1251027.3267294487,924583.3010557168,101532.30482807284,False,True
Еврейская автономная область,2017,60286041145.0,0.52318712017748,56105245369.0,0.7720159271454767,4289981864.0,0.5155283277484601,0.8242636359717785,0.824263635971775,0.0,1.2521959610731876,1.2521959610731888,0.0,0.9010241697585216,0.9010241697585224,0.0,126,237,4085,538,557,4168,8253,36546,1649593.4204837738,1535195.2435013407,117385.81141575,False,True
Еврейская автономная область,2018,66612379768.0,0.5627993259463508,60184959678.0,0.7566715145854028,4655757830.0,0.5342854024009246,0.8950255699402021,0.8950255699402,0.0,1.2221772327270235,1.2221772327270215,0.0,0.9282744724031105,0.9282744724031088,0.0,119,356,3941,610,623,4221,8162,31536,2112264.7059868085,1908452.5519406393,147633.1123160832,False,True
Еврейская автономная область,2019,70430313811.0,0.5580345165475291,62292178278.0,0.7304667024001529,5998933000.0,0.506973752288619,0.8885335326532164,0.8885335326532179,0.0,1.1694482648543918,1.1694482648543916,0.0,0.874918846467228,0.8749188464672268,0.0,116,511,3692,593,667,4191,7883,11353,6203674.254470184,5486847.377609442,528400.6870430723,False,True
Еврейская автономная область,2020,69840143799.0,0.6142891280455705,62057054176.0,0.7048980666859357,6473126452.0,0.5373994592877157,1.0093963464464757,1.0093963464464757,0.0,1.1285316351408596,1.1285316351408583,0.0,0.9398510346137848,0.939851034613784,0.0,104,263,3286,401,877,3925,7211,10188,6855137.789458186,6091191.026305458,635367.731841382,False,True
Еврейская автономная область,2021,88114115012.0,0.6648569088439955,68106634024.0,0.5852529919000429,6572559621.0,0.5162207668766938,1.095389172376947,1.0953891723769456,0.0,0.907828020627612,0.9078280206276134,0.0,0.9519600242052846,0.9519600242052856,0.0,89,167,3108,516,621,3564,6672,9937,8867275.335815638,6853842.610848345,661422.9265371843,False,True
Еврейская автономная область,2022,67083722939.0,0.6742814592850392,68304449131.0,0.5719177324064694,5326544589.0,0.5715775952088264,1.0941604670823537,1.0941604670823557,0.0,0.8793284469450242,0.8793284469450238,0.0,0.9698956172430117,0.9698956172430117,0.0,105,129,3043,542,452,3485,6528,9674,6934434.870684308,7060621.163014265,550604.154331197,False,True
Еврейская автономная область,2023,73753767824.0,0.7160080341240422,46227974984.0,0.5046038018798733,6086748406.0,0.5799513862352756,1.155202747581157,1.1552027475811577,0.0,0.8383284142086787,0.8383284142086781,0.0,0.9832778181826,0.9832778181826008,0.0,116,219,3028,636,395,3669,6697,8331,8852930.959548675,5548910.693074061,730614.3807466091,False,True
Еврейская автономная область,2024,60949083435.0,0.6846963530915031,60390192407.0,0.3322266370979791,5339984885.0,0.6170562118392184,1.0954696362080831,1.09546963620808,0.0,0.5084393980289938,0.508439398028991,0.0,0.9979476211727524,0.9979476211727512,0.0,151,168,3007,716,471,3990,6997,7446,8185479.913376309,8110420.6831856035,717161.5478109051,False,True
Еврейская автономная область,2025,59761085000.0,0.6938699041381059,57819117000.0,0.3203748085900542,6392660000.0,0.656371153308837,1.122039567900103,1.1220395679000994,0.0,0.4795370522294568,0.4795370522294545,0.0,1.0650663989354712,1.0650663989354716,0.0,119,182,2959,651,497,4170,7129,7075,8446796.466431096,8172313.35689046,903556.183745583,False,True
Забайкальский край,2009,289235121704.0,0.4904318703759542,132799788971.0,0.4249068760237536,0.0,0.0,2.1669473388454925,2.166947338845492,0.0,2.0041893151428347,2.004189315142834,0.0,0.0,0.0,0.0,1332,762,17849,6518,2402,30920,48769,93027,3109152.4149332987,1427540.272942264,0.0,False,True
Забайкальский край,2010,313653318340.0,0.4843415746238353,124135066513.0,0.4065126622419682,0.0,0.0,2.133883927872663,2.133883927872661,0.0,1.9579146425941012,1.9579146425941008,0.0,0.0,0.0,0.0,1182,1087,18166,5431,3651,33949,52115,82624,3796152.671620837,1502409.30617012,0.0,False,True
Забайкальский край,2011,359309843549.0,0.4906970709251629,104865516643.0,0.2844744297628082,0.0,0.0,2.111936338108574,2.1119363381085727,0.0,1.7251877238260391,1.7251877238260382,0.0,0.0,0.0,0.0,1334,2648,18299,3588,5081,33886,52185,98245,3657283.765575856,1067387.8227187134,0.0,False,True
Забайкальский край,2012,388906054977.0,0.493508113289039,159871435813.0,0.2353415162433846,40746919695.0,0.328837062771616,2.1154032353408283,2.1154032353408248,0.0,1.6726148725596204,1.6726148725596182,0.0,1.7937531223053649,1.793753122305364,0.0,1205,766,16810,2424,4087,31229,48039,116550,3336817.2885199487,1371698.290973831,349608.9205920206,False,True
Забайкальский край,2013,501971346625.0,0.5565136774355813,139153511487.0,0.2897724320844652,45331676691.0,0.3249605924922609,2.2754288928799333,2.2754288928799333,0.0,1.7795610276581328,1.7795610276581324,0.0,1.8305136461252367,1.8305136461252365,0.0,1159,723,17430,2435,5144,29577,47007,0,0.0,0.0,0.0,False,True
Забайкальский край,2014,408548877528.0,0.5164905670270992,135041952660.0,0.2925212869814982,32493768321.0,0.4471452892716118,2.172123286848226,2.172123286848223,0.0,1.7987453006650398,1.798745300665039,0.0,1.9665048399485947,1.9665048399485936,0.0,1110,1182,17854,3731,3090,28164,46018,210968,1936544.2983201244,640106.3320503583,154022.2608215464,False,True
Забайкальский край,2015,398406802287.0,0.4706700969440233,139277353455.0,0.2636471800665989,30312804673.0,0.4252509659360223,2.028206212906877,2.028206212906878,0.0,1.799470367757717,1.7994703677577195,0.0,1.910605225462252,1.9106052254622528,0.0,953,847,17466,3551,3083,28625,46091,220799,1804386.8055878875,630787.9721149099,137286.87481827365,False,True
Забайкальский край,2016,406107344295.0,0.5323145140387809,197993698759.0,0.431760225999776,27158948492.0,0.5495991037028892,2.240432123821858,2.2404321238218547,0.0,2.2422446472166726,2.242244647216672,0.0,2.2827304268307493,2.282730426830749,0.0,926,1393,17553,3608,3893,29150,46703,235962,1721070.9533526583,839091.4586204558,115098.82308168264,False,True
Забайкальский край,2017,435437093663.0,0.5419951104390771,259675555116.0,0.4867899177087675,27162908631.0,0.6083382407764785,2.2651453968063393,2.265145396806338,0.0,2.3574169255858557,2.3574169255858566,0.0,2.3942829844725466,2.394282984472549,0.0,771,1526,17014,3531,4304,28788,45802,251236,1733179.5350308076,1033592.140919295,108117.10356397968,False,True
Забайкальский край,2018,459773594799.0,0.505061220658555,296229494568.0,0.4671437926653133,39556102579.0,0.4872288529586611,2.1169741065051753,2.1169741065051744,0.0,2.269036008056375,2.2690360080563767,0.0,2.0374668534555447,2.037466853455544,0.0,625,1015,16068,3929,4504,28413,44481,201139,2285850.057915173,1472760.1040474498,196660.53116998693,False,True
Забайкальский край,2019,576344807565.0,0.4686836392928779,327755559867.0,0.4026463603403288,62467623980.0,0.3347169149096888,1.9847048986273208,1.9847048986273237,0.0,2.005166775147675,2.005166775147676,0.0,1.680698573004921,1.6806985730049189,0.0,789,1606,19057,4160,4132,28069,47126,71229,8091434.774670429,4601434.2454197025,876997.0655210658,False,True
Забайкальский край,2020,608113282941.0,0.5046396668187417,416530240178.0,0.2774451171509617,69671065271.0,0.3409462817031146,2.087962073512589,2.0879620735125872,0.0,1.7795234212873368,1.779523421287334,0.0,1.7046891558630826,1.7046891558630808,0.0,684,972,18088,3426,6257,27363,45451,70486,8627433.574624749,5909403.855772777,988438.346210595,False,True
Забайкальский край,2021,690705449210.0,0.5490555234750812,1010538596625.0,0.4087280073239643,77159822134.0,0.387640058899224,2.2305087894926316,2.2305087894926316,0.0,2.2312076841128707,2.23120768411287,0.0,1.854626833632832,1.8546268336328329,0.0,727,821,17813,4396,3956,25502,43315,70184,9841352.006297732,14398418.394862076,1099393.3394220904,False,True
Забайкальский край,2022,834137086916.0,0.3950724499988568,1167118422497.0,0.4172297639445675,79073383251.0,0.37937415916603,2.01803511851827,2.018035118518271,0.0,2.206138014178343,2.206138014178343,0.0,1.8325085608110496,1.8325085608110487,0.0,731,722,17697,4837,3434,26383,44080,68181,12234157.41799035,17117942.278596677,1159756.871430457,False,True
Забайкальский край,2023,748461678793.0,0.5768919158944721,476072463808.0,0.4169192800576075,85305489290.0,0.4274374019374876,2.2987483573125864,2.29874835731259,0.0,2.021759121406486,2.021759121406486,0.0,1.9579528116643097,1.9579528116643092,0.0,868,709,17815,6967,3413,29916,47731,64174,11663004.936469598,7418463.299903387,1329284.2785240128,False,True
Забайкальский край,2024,712707356370.0,0.4698062500062231,461272778425.0,0.4010376913911394,88180398920.0,0.4244650873902774,2.033527314979821,2.0335273149798216,0.0,1.9808923462001184,1.980892346200117,0.0,1.9704880158297655,1.9704880158297655,0.0,873,946,17548,7359,3856,33862,51410,71994,9899538.244437035,6407100.292038226,1224829.8319304388,False,True
Забайкальский край,2025,761234191000.0,0.4680863188662952,424476632000.0,0.3385892801264599,102935583000.0,0.424481043412001,2.057117804209792,2.05711780420979,0.0,1.8089247134962427,1.8089247134962407,0.0,1.9564661079381835,1.956466107938184,0.0,800,1004,17348,6378,4492,36384,53732,70365,10818364.115682513,6032496.724223691,1462880.4519292263,False,True
Камчатский край,2009,312729303417.0,0.6074728472960664,104185126633.0,0.689500388614999,0.0,0.0,1.7132162219340508,1.7132162219340523,0.0,1.886247195470176,1.8862471954701785,0.0,0.0,0.0,0.0,1104,587,15420,1012,404,9310,24730,70235,4452613.418053677,1483379.036562967,0.0,False,True
Камчатский край,2010,328586588431.0,0.6065716393891123,102473838961.0,0.6418933509894014,0.0,0.0,1.7121175389810084,1.7121175389810062,0.0,1.782423475135797,1.7824234751357964,0.0,0.0,0.0,0.0,977,2056,15752,1116,502,10022,25774,69232,4746166.345490525,1480151.360079154,0.0,False,True
Камчатский край,2011,343604417249.0,0.5969602898635962,127349653697.0,0.5359635005288061,0.0,0.0,1.7183909482026571,1.718390948202658,0.0,1.6168744137810904,1.6168744137810886,0.0,0.0,0.0,0.0,981,1429,14645,1147,577,10667,25312,91084,3772390.510396996,1398156.1382569936,0.0,False,True
Камчатский край,2012,359621380868.0,0.5790553949843165,138976473172.0,0.4927952951212467,41856702241.0,0.5923144684160689,1.6641926940311649,1.6641926940311655,0.0,1.486325068989121,1.4863250689891223,0.0,1.5071131223073095,1.5071131223073102,0.0,923,1551,14090,956,625,11046,25136,107202,3354614.4742448833,1296398.1378332493,390447.02749015874,False,True
Камчатский край,2013,405886687433.0,0.579262891003519,166276179458.0,0.4876503450554134,44920614102.0,0.593005660812363,1.6567857478345935,1.6567857478345942,0.0,1.4639104697181295,1.46391046971813,0.0,1.6473677737581092,1.6473677737581085,0.0,855,826,13469,967,779,11388,24857,0,0.0,0.0,0.0,False,True
Камчатский край,2014,449381255446.0,0.4582873485473172,167739727791.0,0.5042527599154805,44709515261.0,0.5541588385892303,1.465067748713917,1.4650677487139148,0.0,1.4931075847049762,1.493107584704977,0.0,1.548591372460173,1.548591372460173,0.0,794,1069,13595,1261,483,11870,25465,119714,3753790.329000785,1401170.52133418,373469.3959018995,False,True
Камчатский край,2015,441637552405.0,0.5346365213770112,162098702948.0,0.4999800055939369,49245565474.0,0.5435381913802854,1.5452980197111683,1.5452980197111714,0.0,1.4612672370411772,1.4612672370411786,0.0,1.540220083606318,1.5402200836063165,0.0,791,556,13196,1535,524,12922,26118,108862,4056856.86837464,1489029.2567470742,452366.9000569528,False,True
Камчатский край,2016,471357840217.0,0.5074306477132655,172518618737.0,0.5302382139534279,54406835355.0,0.5296891830670434,1.4725565606028503,1.472556560602849,0.0,1.5208320599369287,1.5208320599369305,0.0,1.4949522014334595,1.494952201433461,0.0,658,1355,13340,1754,1488,14152,27492,122654,3842987.918999788,1406547.0244508944,443579.7883069447,False,True
Камчатский край,2017,509409060849.0,0.5066008311198217,193484650613.0,0.493303257747988,66106255956.0,0.4928633217392135,1.4858605595608765,1.485860559560878,0.0,1.457827247569348,1.457827247569346,0.0,1.4080330947688822,1.4080330947688824,0.0,646,1173,12629,1694,1778,14358,26987,109635,4646409.092433985,1764807.3207734756,602966.7164317964,False,True
Камчатский край,2018,607794877289.0,0.4697699571922572,276554141005.0,0.3305262360355731,75631616171.0,0.4816018401774472,1.4074506381073313,1.4074506381073302,0.0,1.1580830423617383,1.1580830423617383,0.0,1.4486435233734944,1.448643523373494,0.0,541,734,11974,1950,1863,14530,26504,92495,6571110.625320287,2989936.115519758,817683.2928374506,False,True
Камчатский край,2019,658815114521.0,0.5289799196276447,339528970165.0,0.3001846603761789,90758862761.0,0.4631731971666237,1.542306076640653,1.542306076640652,0.0,1.0429858366887146,1.042985836688713,0.0,1.4278353318065449,1.4278353318065444,0.0,607,1117,11814,1909,1793,14576,26390,47852,13767765.496133912,7095397.687975424,1896657.6686658864,False,True
Камчатский край,2020,659428017847.0,0.5479629056357174,535337399156.0,0.319086853426386,90108028771.0,0.4726622769729807,1.5876768244638768,1.5876768244638773,0.0,1.208407088092912,1.208407088092914,0.0,1.4391189922674883,1.439118992267488,0.0,459,804,11166,1464,2408,14247,25413,46444,14198346.779928517,11526513.63267591,1940143.5873525103,False,True
Камчатский край,2021,759116382444.0,0.4944058721282231,552971444291.0,0.3440413744057194,97584145330.0,0.4150774242671702,1.4389587715125778,1.4389587715125791,0.0,1.3265572357385231,1.3265572357385234,0.0,1.3147024079628125,1.3147024079628145,0.0,443,810,10794,1843,2268,13682,24476,49697,15274893.503511278,11126857.643137412,1963582.21482182,False,True
Камчатский край,2022,643500483003.0,0.545648041399673,672534535590.0,0.3325220000321744,92634531137.0,0.4535579111011712,1.5624221594350374,1.5624221594350378,0.0,1.2489265822538584,1.2489265822538598,0.0,1.2469843549965205,1.2469843549965212,0.0,402,570,10389,1853,1464,13267,23656,44974,14308277.73831547,14953851.905323075,2059735.2056076843,False,True
Камчатский край,2023,793882594834.0,0.4979369114262277,377319528322.0,0.4691367326954536,112379041507.0,0.397014076926984,1.459492358476453,1.4594923584764514,0.0,1.409991880034699,1.4099918800346998,0.0,1.135580571107706,1.135580571107706,0.0,405,563,10208,2088,1373,13891,24099,45318,17518041.28236021,8326041.050399399,2479788.19689748,False,True
Камчатский край,2024,733988543068.0,0.5196628463149948,393629385366.0,0.4803720030478457,105345970610.0,0.4500224015499315,1.5289999707799495,1.5289999707799486,0.0,1.4618275912011145,1.4618275912011136,0.0,1.3185505753314004,1.318550575331399,0.0,413,405,10149,2304,1575,14822,24971,46068,15932719.958930276,8544529.507814536,2286749.3837370845,False,True
Камчатский край,2025,694247907000.0,0.4752727508684167,378366303000.0,0.4650367549838751,90022126000.0,0.3363532170328469,1.447006288778013,1.447006288778015,0.0,1.450201056544767,1.450201056544766,0.0,1.1396129301256686,1.1396129301256692,0.0,370,444,10106,2075,1641,15322,25428,41300,16809876.682808716,9161411.694915254,2179712.493946731,False,True
Магаданская область,2009,188030322065.0,0.747789803027455,71775413369.0,0.7025677059645192,0.0,0.0,1.5580013822842569,1.5580013822842569,0.0,1.5003663376402765,1.5003663376402765,0.0,0.0,0.0,0.0,286,199,8259,370,44,3852,12111,29544,6364416.533475494,2429441.286521798,0.0,False,True
Магаданская область,2010,216764063061.0,0.7273656795909399,69563615110.0,0.6941067278039826,0.0,0.0,1.5162360050497306,1.5162360050497328,0.0,1.4760117173163358,1.476011717316335,0.0,0.0,0.0,0.0,332,780,8385,455,56,4263,12648,32667,6635566.873633943,2129476.69238069,0.0,False,True
Магаданская область,2011,247376751448.0,0.7317377456020604,125230963391.0,0.7926993646921945,0.0,0.0,1.5295381843129547,1.5295381843129536,0.0,1.6909194387844373,1.6909194387844355,0.0,0.0,0.0,0.0,331,1407,7984,526,54,4733,12717,51413,4811560.333923327,2435784.01165075,0.0,False,True
Магаданская область,2012,288108974244.0,0.7610864660641702,161455269126.0,0.6543880655857044,28135682076.0,0.5701376796268596,1.586662367594183,1.586662367594182,0.0,1.4994867996306525,1.499486799630653,0.0,1.2260279774260887,1.2260279774260885,0.0,283,1826,6871,530,55,5209,12080,73142,3939036.0428208145,2207422.125810068,384672.0362582374,False,True
Магаданская область,2013,293127280337.0,0.7656327037807721,217618004189.0,0.518523460813102,29696358611.0,0.5724935166363313,1.5963784340815614,1.596378434081561,0.0,1.3718109557836478,1.3718109557836489,0.0,1.2156796177709597,1.2156796177709583,0.0,255,900,5306,506,73,5660,10966,3757,78021634.37237157,57923344.20787863,7904274.317540591,False,True
Магаданская область,2014,298292580307.0,0.7756136357632911,225623184334.0,0.5207233643477067,32620660351.0,0.5629814111074827,1.618430573947247,1.6184305739472489,0.0,1.3979418473600802,1.3979418473600798,0.0,1.2138803933745024,1.213880393374503,0.0,276,480,6202,641,97,6228,12430,61776,4828615.972335535,3652278.948685574,528047.46747928,False,True
Магаданская область,2015,313974472383.0,0.7794847835690968,241532642074.0,0.5268821037009843,33955996438.0,0.582770910929715,1.6303489344522717,1.6303489344522737,0.0,1.4134494162146929,1.413449416214691,0.0,1.2500296117247451,1.2500296117247425,0.0,241,216,5962,760,140,6891,12853,56546,5552549.647773494,4271436.389382096,600502.1829660807,False,True
Магаданская область,2016,209100783676.0,0.8832714962498969,119091931887.0,0.9642102223784872,19996497866.0,0.8204057562406886,1.8522723491980424,1.8522723491980428,0.0,2.073058977713099,2.073058977713101,0.0,1.7039672640011574,1.7039672640011545,0.0,285,524,6031,842,1003,7593,13624,64191,3257478.2084092787,1855274.600598215,311515.5997881323,False,True
Магаданская область,2017,233534549608.0,0.8753821476767762,123085332721.0,0.9585999856298646,23147988176.0,0.8465675121987939,1.8348067253393976,1.834806725339396,0.0,2.059140861026595,2.059140861026594,0.0,1.7849513002155746,1.784951300215576,0.0,273,483,5786,915,1101,7505,13291,65593,3560357.806595216,1876501.0400652508,352903.3307822481,False,True
Магаданская область,2018,436876071170.0,0.747695349080498,291211032858.0,0.5009337474842155,58202625629.0,0.591071646030699,1.5627933842451789,1.5627933842451789,0.0,1.3877455329917616,1.387745532991761,0.0,1.2684242500478966,1.268424250047899,0.0,205,661,5501,977,1089,7381,12882,52301,8353111.243953271,5567982.119997705,1112839.6326838876,False,True
Магаданская область,2019,533117707492.0,0.6293683881144374,244253843296.0,0.4475722215366921,64678874097.0,0.5877958972740779,1.372743435019931,1.372743435019932,0.0,1.2570037442425317,1.25700374424253,0.0,1.267851169893106,1.2678511698931043,0.0,236,426,5077,982,1133,7274,12351,27518,19373417.67177847,8876148.095646486,2350420.600952104,False,True
Магаданская область,2020,631542641765.0,0.5923552098880871,246274579041.0,0.4501720849323353,69183624023.0,0.5730689058704481,1.3333338937269978,1.333333893726998,0.0,1.2412273153437177,1.2412273153437186,0.0,1.2546171209044914,1.2546171209044918,0.0,237,357,4887,838,1295,6979,11866,27777,22736171.71634806,8866133.097202722,2490680.2038737084,False,True
Магаданская область,2021,596119498450.0,0.7863885351544057,190641619526.0,0.7503371627711766,68252661602.0,0.6712006372580369,1.654013549930557,1.6540135499305566,0.0,1.631944529565164,1.631944529565166,0.0,1.4394514723989786,1.4394514723989795,0.0,227,442,4757,980,1185,6664,11421,29416,20265144.76645363,6480881.8169023665,2320256.377549633,False,True
Магаданская область,2022,514079622564.0,0.7880693590771269,212579898020.0,0.7538883108558141,67523582260.0,0.7131053433701311,1.6613631547381154,1.6613631547381176,0.0,1.63033909625781,1.6303390962578086,0.0,1.5282155381493503,1.52821553814935,0.0,190,225,4508,935,801,6414,10922,26958,19069649.920765635,7885596.039023667,2504769.725498924,False,True
Магаданская область,2023,554816044615.0,0.7789464601090796,251571935726.0,0.7869543593818609,74531103005.0,0.6474756032418616,1.6431498089981318,1.643149808998132,0.0,1.7012659903668528,1.701265990366852,0.0,1.3803483430348995,1.380348343034899,0.0,219,178,4494,1008,760,6621,11115,23441,23668616.72347596,10732133.25907598,3179518.920054605,False,True
Магаданская область,2024,676910932459.0,0.8252648505969132,257304609065.0,0.8121964404291772,68106758472.0,0.7772013107072934,1.7427569837248775,1.7427569837248769,0.0,1.7408465058533515,1.7408465058533504,0.0,1.6253316162799756,1.6253316162799765,0.0,207,207,4555,1074,833,6935,11490,25983,26052069.90951776,9902806.0295193,2621204.5749913403,False,True
Магаданская область,2025,794437911000.0,0.8334106556003273,267193431000.0,0.7537769663669676,77124941000.0,0.7740839206045697,1.7638264181355223,1.7638264181355203,0.0,1.6567736607170076,1.6567736607170078,0.0,1.6260815391220866,1.626081539122088,0.0,191,193,4538,991,770,7093,11631,21352,37206721.19707756,12513742.553390782,3612071.047208693,False,True
Приморский край,2009,1792621919123.0,0.4945356383950113,342596833905.0,0.3156308841055137,0.0,0.0,2.155467182394691,0.6586174879311816,1.49684969446351,1.865705157316224,1.4692369529576577,0.3964682043585661,0.0,0.0,0.0,5791,5370,70958,4842,2967,48724,119682,298809,5999223.313631785,1146541.2149734446,0.0,False,True
Приморский край,2010,2263730601358.0,0.4828660878861658,370149079966.0,0.3147880120976468,0.0,0.0,2.1635990562892395,0.7088320435751435,1.4547670127140968,1.859529505559152,1.477173066118782,0.3823564394403647,0.0,0.0,0.0,5863,2482,70656,4641,3444,50398,121054,302837,7475079.337590849,1222271.6509739563,0.0,False,True
Приморский край,2011,2527758549276.0,0.5391359084460293,536976132663.0,0.2931373079953221,0.0,0.0,2.2963360070092165,0.6840148175954789,1.6123211894137377,1.7736254870951385,1.124337918343348,0.6492875687517881,0.0,0.0,0.0,5748,9973,73059,5037,3472,51991,125050,443263,5702615.714092988,1211416.5465265545,0.0,False,True
Приморский край,2012,2919776880118.0,0.5705178124044253,667802017391.0,0.2942826129789068,102285275688.0,0.3288861553567443,2.3577843284873907,0.6528748264194861,1.7049095020679097,1.7365243225622642,0.8752199873295642,0.8613043352326955,1.7814548538918125,0.7175066773146122,1.0639481765771954,5761,4665,68742,4278,3088,52797,121539,507082,5757997.483874403,1316950.7444377833,201713.4816223017,False,True
Приморский край,2013,3060900374910.0,0.5957063212076046,789254980894.0,0.2980005651134218,102730982086.0,0.3653609940523467,2.420685637171445,0.6619349612993334,1.7587506758721148,1.723083326717635,0.8270623686950086,0.8960209580226355,1.873084738348414,0.7674643724792514,1.1056203658691643,6182,5351,70803,4689,4317,54398,125201,3024,1012202504.9305556,260997017.49140212,33971885.61044974,False,True
Приморский край,2014,3076049589152.0,0.6152544783303703,813297170909.0,0.2884460610684443,101333259726.0,0.3708925981062774,2.465724635430295,0.6877378829726402,1.7779867524576505,1.6772667155186731,0.8104838635063569,0.8667828520123138,1.8524552120179865,0.7394316220061384,1.1130235900118457,6368,5240,72070,6466,2798,56547,128617,521981,5893029.802142223,1558097.2696496616,194132.0847425481,False,True
Приморский край,2015,2932941977985.0,0.5967475716965951,800645795345.0,0.282616542295194,96160207131.0,0.3524461117225239,2.4351775400546565,0.7178067083395676,1.7173708317150904,1.627338586613412,0.7795287738782175,0.8478098127351963,1.7678180579701426,0.7416519225286817,1.0261661354414606,7042,3866,72548,7803,3029,61552,134100,443618,6611413.373634524,1804809.0820142557,216763.53784336973,False,True
Приморский край,2016,2844407947743.0,0.5736039808461497,855786068917.0,0.27121738740947,106527855412.0,0.33531111168745,2.374699351964985,0.7107889153623295,1.6639104366026558,1.597112904060566,0.7953791746982588,0.8017337293623115,1.7161621695521705,0.76829549742728,0.947866672124892,6008,7202,74730,9125,7051,67648,142378,544464,5224235.115164639,1571795.5069885245,195656.38024185257,False,True
Приморский край,2017,2941570397229.0,0.5382333186482212,880121300119.0,0.2788454808796407,158007634628.0,0.2640373937208576,2.287993081342478,0.7064933278542125,1.581499753488259,1.62608910001088,0.8008378219536142,0.8252512780572694,1.6434715962835398,0.929958065586116,0.7135135306974192,4320,6526,72081,9477,7604,70074,142155,560325,5249757.546475706,1570733.5923240976,281992.83385178243,False,True
Приморский край,2018,3567943662121.0,0.5345696791339176,14590727319951.0,0.8736820164299256,192341907803.0,0.3419867906742112,2.269609749127497,0.6816018483936062,1.588007900733885,3.1501661742685236,3.1422176543887947,0.0079485198797293,1.7591207580382644,0.7382108089467218,1.0209099490915428,4192,6929,69139,12063,9471,74533,143672,446714,7987087.179092215,32662346.19902443,430570.58387021674,False,True
Приморский край,2019,4024556656775.0,0.5050755702337217,13601534538836.0,0.8494425109428196,205660262029.0,0.4117162956893926,2.2728322947358386,0.8157281892814633,1.4571041054543803,3.0823799614062466,3.0757460194918234,0.0066339419144192,1.9403122852104353,0.7271494386940999,1.213162846516333,3961,8366,65986,11733,10711,76795,142781,259174,15528396.585980847,52480320.32085008,793521.9660498352,False,True
Приморский край,2020,3881434433885.0,0.5859563218304653,1148174311661.0,0.1750893159098789,222245008846.0,0.4378500738902423,2.4196261488173363,0.7041484522855637,1.7154776965317744,1.29327142696609,0.8661372133483077,0.4271342136177836,2.012853350616446,0.7296278017120188,1.2832255489044329,2888,5588,60376,7905,10771,73989,134365,245146,15833154.258625472,4683634.697939187,906582.236079724,False,True
Приморский край,2021,4900633096179.0,0.6639728557394112,1025621580048.0,0.2383896229560008,226454630355.0,0.4830221814631745,2.6000221069474527,0.6771727935604741,1.9228493133869795,1.4727947716322518,0.77751364802799,0.6952811236042606,2.117791300050847,0.6973492747441763,1.4204420253066663,3031,5683,57681,10538,12652,73756,131437,244663,20030135.72211164,4191976.637448245,925577.75534102,False,True
Приморский край,2022,4778637660549.0,0.6308898228018963,1208114395730.0,0.2866771336822548,234656303427.0,0.4718556367541701,2.512558049778889,0.6729569663084441,1.8396010834704448,1.6592089102376342,0.8189690526715493,0.8402398575660825,2.074613860001715,0.661721420313688,1.4128924396880258,3196,2795,55071,10109,7927,71213,126284,1352175,3534037.8727228353,893460.0889160057,173539.89197182318,False,True
Приморский край,2023,5248203743158.0,0.6274236422904028,1227283327881.0,0.3066964406790959,260886929444.0,0.4580034037757806,2.5318021905810397,0.6972253411565207,1.834576849424515,1.738076545301574,0.831222884966794,0.9068536603347788,2.0469827520454267,0.6669478509372095,1.3800349011082176,3536,2754,55658,12487,7498,75773,131431,232767,22547026.61098008,5272583.003093222,1120807.1996631825,False,True
Приморский край,2024,5720421338200.0,0.5407599354322989,1603380314332.0,0.2285783045972466,597979596354.0,0.3995151751328168,2.351430060134337,0.77017940019523,1.5812506599391156,1.568181949162021,0.9777211064994416,0.590460842662587,2.199768564286927,1.8841947360289264,0.315573828257996,3109,3027,56118,13031,7875,81306,137424,236710,24166369.558531538,6773606.160838156,2526211.804968104,False,True
Приморский край,2025,5614276925000.0,0.5177364329501718,1614489208000.0,0.2210914507025212,659265734000.0,0.4073107903097708,2.306077777982516,0.7894153591334415,1.5166624188490765,1.5613406036458173,0.9950308589540798,0.5663097446917398,2.2076319485410885,1.9198298927440596,0.2878020557970266,2791,4132,55676,12932,8916,86363,142039,228569,24562722.525801837,7063465.334319177,2884318.232131216,False,True
Республика Бурятия,2009,447931851403.0,0.7588351487661283,102978967206.0,0.5955061159385661,0.0,0.0,2.4236219991110346,0.0765464564928607,2.347075542618174,2.0901967275561937,0.2275674528986468,1.86262927465755,0.0,0.0,0.0,1788,985,21997,4937,1930,22778,44775,82592,5423429.041589985,1246839.4905802014,0.0,False,True
Республика Бурятия,2010,510007681515.0,0.7519147493251008,116444418180.0,0.5375232550442374,0.0,0.0,2.412556480620733,0.0862130840815766,2.326343396539155,1.9773507361875249,0.2941667955639871,1.683183940623536,0.0,0.0,0.0,1675,1745,22494,6419,2875,27267,49761,83654,6096632.336947426,1391976.691849762,0.0,False,True
Республика Бурятия,2011,580984990502.0,0.626942804047444,219362214075.0,0.5846560746285036,0.0,0.0,2.117559329922173,0.1951921091326332,1.922367220789539,2.12171506224135,0.3011599454475112,1.820555116793841,0.0,0.0,0.0,1685,2352,22259,5107,4650,29499,51758,100710,5768890.780478602,2178157.2244563596,0.0,False,True
Республика Бурятия,2012,510824354706.0,0.5987078310783563,135041666108.0,0.2992095570970002,29905372306.0,0.5331609153962108,2.081566558300956,0.2560065731988327,1.8255599851021245,1.461367366138134,0.6059410781931253,0.8554262879450114,1.6332078912686008,0.1616696998567923,1.4715381914118062,1824,1628,21521,2098,4588,26947,48468,93702,5451584.328039956,1441182.3238351368,319154.0448016051,False,True
Республика Бурятия,2013,550987096424.0,0.5319500519427348,166162752395.0,0.3205299171819617,26379878501.0,0.4481450467998255,1.9217871953869832,0.248233023983125,1.6735541714038575,1.4902776150774528,0.5497091518144782,0.9405684632629772,1.6343394056635283,0.2615034032859699,1.3728360023775608,2026,1158,22262,2029,3872,24388,46650,402,1370614667.721393,413340180.0870647,65621588.31094527,False,True
Республика Бурятия,2014,512795438389.0,0.5672444289367498,182543866788.0,0.3670189432377028,25806629730.0,0.4558522562752002,2.002789162015091,0.2275008797104691,1.775288282304622,1.6016576454753348,0.4847763502717893,1.1168812952035445,1.5748353979515315,0.2046859743307612,1.37014942362077,1813,935,23109,3364,2070,23880,46989,202541,2531810.539046415,901268.7149169798,127414.34934161478,False,True
Республика Бурятия,2015,509874415962.0,0.5582586378658899,173680882421.0,0.3551064899499852,24637106903.0,0.4214532264274904,1.974627711599851,0.2225212334670304,1.75210647813282,1.5772687337675784,0.5114170668406068,1.0658516669269709,1.5681399645604337,0.2378133772730362,1.3303265872873986,1605,923,23617,3571,2157,25381,48998,180275,2828314.608026626,963421.8966634308,136664.02386908888,False,True
Республика Бурятия,2016,490686521236.0,0.5004422824982538,139662541449.0,0.3176584419930167,20514887592.0,0.3578729527088658,1.8840843256330224,0.3207358908731716,1.5633484347598523,1.5330973684096951,0.6488017974427425,0.8842955709669518,1.4803975704495294,0.3685379031915753,1.1118596672579564,1500,2375,24065,4221,4003,27445,51510,203472,2411567.7893567667,686396.8577937013,100824.1310450578,False,True
Республика Бурятия,2017,484229848238.0,0.4771127295053901,145669485077.0,0.3150796253127488,28720405539.0,0.3933782776656522,1.8444066905768144,0.3616329591837694,1.4827737313930456,1.5337987617360014,0.6530133446955629,0.880785417040439,1.5839285873572706,0.3627834584000103,1.2211451289572608,1424,1533,23269,4262,4170,27704,50973,218257,2218622.3041551933,667421.8241660062,131589.8483851606,False,True
Республика Бурятия,2018,725954280733.0,0.5908393263518001,162453544160.0,0.2783125008671855,35865658075.0,0.3519920565354139,2.113341548103243,0.2798869264267907,1.833454621676456,1.3899941492651386,0.6148487301207767,0.7751454191443621,1.453777836544635,0.3156684297201407,1.1381094068244977,1517,1635,23095,4697,4528,28231,51326,150345,4828589.449153613,1080538.3894376268,238555.70903588412,False,True
Республика Бурятия,2019,721216565695.0,0.6111672287698975,141251296570.0,0.2222951476951951,33663691598.0,0.3451138923513979,2.1456811834040543,0.2476595972149442,1.8980215861891097,1.254678881273211,0.7907357793007791,0.4639431019724327,1.3936687904781309,0.3018754931010609,1.0917932973770696,1573,1542,22986,4819,5375,28522,51508,56739,12711125.78112057,2489492.175928374,593307.8058830786,False,True
Республика Бурятия,2020,701811297539.0,0.5778817392105053,152037863718.0,0.228974439571651,36006932909.0,0.3473982276826766,2.052070495635398,0.2478111115652659,1.804259384070136,1.2611272131661906,0.7234504427270212,0.5376767704391696,1.4569661157040024,0.3827424010691513,1.0742237146348508,2418,1398,23770,4395,5559,27542,51312,54920,12778792.744701384,2768351.4879461033,655625.1440094683,False,True
Республика Бурятия,2021,576877512061.0,0.4934151212070254,163282643793.0,0.2744149786394619,59012940357.0,0.4855413353317653,1.87629503132435,0.3303489100829638,1.5459461212413892,1.409678331894117,0.6713990240108366,0.7382793078832819,1.7988403228228442,0.2928537461455794,1.505986576677266,1691,2110,23985,5706,4959,27689,51674,55272,10437066.001972066,2954165.649750326,1067682.3772796353,False,True
Республика Бурятия,2022,576135847099.0,0.4417490920481708,221228861016.0,0.5005995225168552,72834649887.0,0.5233655251584776,1.8765849920735749,0.6027270570701169,1.2738579350034591,1.9488680249453056,0.4156561307352964,1.5332118942100053,1.9506907999247964,0.3038840274181555,1.646806772506643,878,852,22655,5588,4158,28318,50973,52238,11029056.378479268,4235017.822581262,1394284.8096596347,False,True
Республика Бурятия,2023,452454443240.0,0.6230059381976066,218069757448.0,0.7129102921221402,30097795388.0,0.3777528253261663,2.044577970582772,0.085783378147197,1.95879459243557,2.309406234150881,0.0956118225554547,2.2137944115954333,1.4808442155037973,0.2886499358361971,1.1921942796676,928,2181,22654,6774,3648,30934,53588,50404,8976558.273946512,4326437.533687803,597131.0885643996,False,True
Республика Бурятия,2024,498743983188.0,0.6416758162252085,260733696712.0,0.3537802305191335,41398122992.0,0.3454163157578161,2.110177242596439,0.0993495016434019,2.0108277409530366,1.7118139389265323,0.9959868601613489,0.7158270787651837,1.5545257992607873,0.4983482168564575,1.056177582404331,932,2127,21613,7022,4042,34308,55921,51237,9734059.043035306,5088777.576985382,807973.2028026622,False,True
Республика Бурятия,2025,477915849000.0,0.5292977417211518,316822726000.0,0.3792465456269591,41189689000.0,0.3842968676471477,1.8256515153801944,0.1381172709006188,1.687534244479572,1.7640952908925485,0.7902254092305585,0.9738698816619902,1.5130238099909157,0.3054928091127894,1.2075310008781202,811,1405,20269,6658,4699,36924,57193,50182,9523650.890757645,6313473.476545375,820806.045992587,False,True
Республика Саха (Якутия),2009,897763228221.0,0.3108755093685567,685302308697.0,0.421817209134439,0.0,0.0,1.9440451288706448,0.7859100170350802,1.1581351118355627,2.3495760853216296,1.9645370631473271,0.3850390221743005,0.0,0.0,0.0,2117,829,29357,5755,2158,31660,61017,160072,5608496.35302239,4281212.883558649,0.0,False,True
Республика Саха (Якутия),2010,1032261425614.0,0.4406384840944755,272462857094.0,0.3888541746862014,0.0,0.0,2.234513548084088,0.515649106166384,1.7188644419177024,1.9841091400532704,0.4211669851359301,1.5629421549173372,0.0,0.0,0.0,2008,918,30344,5364,3004,34866,65210,160160,6445188.721366134,1701191.6651723278,0.0,False,True
Республика Саха (Якутия),2011,952526705320.0,0.330181414068472,521882250835.0,0.2914092771618245,0.0,0.0,2.003967161410575,0.7588522730544133,1.245114888356163,1.9632009007840203,1.0992121517842754,0.8639887489997413,0.0,0.0,0.0,2060,3657,31360,4568,3967,36430,67790,201294,4732017.374188997,2592636.8934742217,0.0,False,True
Республика Саха (Якутия),2012,930478092024.0,0.3419830117137099,674967953159.0,0.2462662929986121,89731724105.0,0.2749099064604434,1.9520556935234907,0.5938550913339776,1.3582006021895126,1.8609242884413424,1.113775082647542,0.7471492057938001,1.785735144178986,0.7149887206177671,1.0707464235612143,2071,1609,29745,3502,3614,35965,65710,242990,3829285.534482901,2777760.20889337,369281.5511132145,False,True
Республика Саха (Якутия),2013,941887726317.0,0.3459205108999221,592133696027.0,0.2784744445744287,92202562242.0,0.2774022484314847,1.9020103445305097,0.4968598957471188,1.4051504487833846,1.8702763295056748,0.7957532711969617,1.074523058308717,1.7865712568764494,0.6784927283445139,1.1080785285319337,2146,1555,30437,3400,4127,35751,66188,10184,92487011.61793008,58143528.67507856,9053668.71975648,False,True
Республика Саха (Якутия),2014,1014634625834.0,0.3200985413117925,611366686579.0,0.2853308390110142,92619674367.0,0.2790025609917482,1.8497757598260096,0.5452328343537416,1.3045429254722656,1.8630724335154376,0.7456354692825571,1.11743696423288,1.7933991087706644,0.6762621016577548,1.117137007112909,2025,2077,31014,4473,2376,36097,67111,289422,3505727.3663854166,2112371.1624513688,320016.01249041193,False,True
Республика Саха (Якутия),2015,973598733381.0,0.2582528017493493,571851307727.0,0.2729164787120053,91321940392.0,0.2778375568512117,1.7182074863747587,0.689206720826587,1.0290007655481723,1.8105066642834624,0.7397488624088074,1.0707578018746524,1.8012550944666224,0.6927480997320454,1.1085069947345794,1852,875,30631,5264,2452,38985,69616,254248,3829327.008987288,2249187.044645386,359184.498568327,False,True
Республика Саха (Якутия),2016,1407774944447.0,0.2578765483414372,1193673988887.0,0.2518971047189077,84536199530.0,0.3284293680344911,1.9284234729425336,1.2976978791600349,0.6307255937824969,1.9648545973589824,1.559377430912498,0.405477166446488,1.969934021160608,0.6710637134973639,1.2988703076632468,1842,1873,31578,6082,5131,42615,74193,304429,4624312.875734572,3921025.884153612,277687.7351697769,False,True
Республика Саха (Якутия),2017,1286849345400.0,0.2545632314575441,1169766559279.0,0.2357399083565597,152179339767.0,0.321728280957844,1.896574868368507,1.1466341241004456,0.7499407442680628,1.9247814219267845,1.5763264560807737,0.3484549658460096,2.1318319890777317,1.5885154503982009,0.5433165386795338,1739,2664,31458,6596,6031,44080,75538,340393,3780481.224349502,3436517.670101912,447069.53364787175,False,True
Республика Саха (Якутия),2018,1608260272822.0,0.1959386959013422,1313835112842.0,0.1996704695703091,185259781434.0,0.2712676966288587,1.6744829949397442,1.1313335505428916,0.5431494443968568,1.7554352258786032,1.443658382519882,0.3117768433587216,1.9819232940004383,1.3134926500811022,0.6684306439193364,1546,1873,30261,6284,6816,44333,74594,261068,6160311.768665635,5032539.847250525,709622.7091562352,False,True
Республика Саха (Якутия),2019,1643074344701.0,0.1837628215167662,1371280275154.0,0.1842343352237049,223770238828.0,0.2269504042747348,1.5917087958610807,1.0120017686612213,0.5797070271998592,1.6500838110731415,1.3365668546513898,0.3135169564217506,1.761140133502316,1.180404038040747,0.5807360954615675,1581,2302,29934,6846,7087,44363,74297,108221,15182583.275898391,12671110.737786569,2067715.4972509956,False,True
Республика Саха (Якутия),2020,1608869171054.0,0.1831785806917432,1422488963004.0,0.1855581159626812,211441631451.0,0.220724089933432,1.5536568335160617,0.9340644133909436,0.619592420125116,1.6427182972376322,1.3236038161127448,0.3191144811248847,1.708960872519711,1.1172804798027436,0.5916803927169703,1300,2746,28944,5371,8810,42647,71591,107458,14972074.401663903,13237627.380036851,1967667.6603975503,False,True
Республика Саха (Якутия),2021,1345859333804.0,0.2791031557001954,955911876596.0,0.2434459695815937,164254081989.0,0.2679921920901358,1.8816041778313777,0.9817338963551502,0.8998702814762289,1.7530769020303296,1.055767790526281,0.6973091115040475,1.7613464103753316,0.6941130680880007,1.0672333422873344,1376,1637,27558,7394,7360,41231,68789,92858,14493735.96032652,10294340.56942859,1768873.7856619784,False,True
Республика Саха (Якутия),2022,1703334418099.0,0.2393513660348423,1309370197930.0,0.2221520526719899,164663089750.0,0.2722470726129058,1.866218033160976,1.2583420911006236,0.6078759420603532,1.804720139805358,1.3697187843772245,0.4350013554281347,1.7933446842733467,0.7452956946104713,1.0480489896628775,1355,1321,27258,6550,5471,40421,67679,185786,9168260.353842594,7047733.402570699,886305.1562012208,False,True
Республика Саха (Якутия),2023,1716849008590.0,0.2342984203492903,1330024825358.0,0.2508234039959854,164598871906.0,0.2667297958458657,1.8347266396945727,1.1874491207815272,0.6472775189130431,1.9746322546732316,1.4398494383571725,0.53478281631606,1.8137961924165005,0.8846310654459264,0.929165126970574,1291,1290,27187,7370,4879,42320,69507,73547,23343562.7366174,18084011.92921533,2238009.326090799,False,True
Республика Саха (Якутия),2024,1439007565346.0,0.2619278054534092,1098548465514.0,0.2548042008316418,464664130752.0,0.6759658274231154,1.7761435345684546,0.7755458350415471,1.000597699526903,1.9038635979677176,1.1765679380657117,0.7272956599020048,2.77115540181023,0.2876599269472252,2.483495474863006,1250,1634,27534,8484,5149,45925,73459,72483,19853035.406178,15155946.43590911,6410663.614254377,False,True
Республика Саха (Якутия),2025,1461827349000.0,0.288844787565478,1201518888000.0,0.2893160919681493,185366321000.0,0.2798030169240769,1.8678996867464264,0.7383600257175286,1.129539661028904,1.9900765556875089,0.9916594053831642,0.9984171503043447,1.8624142512976365,0.8128751900354731,1.0495390612621591,1277,1260,27132,8056,5273,48832,75964,71079,20566234.0353691,16903992.571645632,2607891.515074776,False,True
Сахалинская область,2009,601447306264.0,0.6330210142339566,101973832782.0,0.475143184998348,0.0,0.0,1.8629488230379003,0.0695661586424185,1.7933826643954802,1.4959596920982534,0.1346668303702756,1.3612928617279785,0.0,0.0,0.0,1267,981,16797,1383,419,11547,28344,114276,5263111.2942700125,892346.8863278378,0.0,False,True
Сахалинская область,2010,630581536864.0,0.6513458563876887,104657322009.0,0.4694663928251391,0.0,0.0,1.9116334131517512,0.0688849929373102,1.8427484202144413,1.4783187035505598,0.1326292816248869,1.3456894219256768,0.0,0.0,0.0,1196,704,16881,1490,618,12618,29499,104333,6043931.803590427,1003108.527589545,0.0,False,True
Сахалинская область,2011,692967553651.0,0.6677698010939014,215406611448.0,0.6383288684493121,0.0,0.0,1.9484878387494255,0.0610529560448116,1.887434882704614,1.890279834931679,0.0834613874354529,1.8068184474962263,0.0,0.0,0.0,1158,1275,17241,1382,801,13382,30623,119642,5792009.107595995,1800426.367396065,0.0,False,True
Сахалинская область,2012,692650737025.0,0.6461020758368006,304324086524.0,0.7155845279773092,58798710751.0,0.4965284035700618,1.8929072199679915,0.0641611732647746,1.8287460467032195,2.074348532027241,0.056934749084813,2.017413782942427,1.5286756242956727,0.1073914769643361,1.4212841473313382,1189,829,17137,1180,709,13761,30898,149042,4647352.672568806,2041867.973618175,394511.01535808697,False,True
Сахалинская область,2013,737306955919.0,0.6189851523251161,240623131517.0,0.5877551658046135,63725951144.0,0.5068698592762771,1.8162162500119263,0.060010050056099,1.7562061999558267,1.7575992845121888,0.0871165714543537,1.670482713057833,1.5527316146456585,0.1024900488144783,1.4502415658311811,1127,725,17617,1145,831,14197,31814,958,769631477.9947808,251172371.1033403,66519781.987473905,False,True
Сахалинская область,2014,859627888566.0,0.6718183934832395,234935870875.0,0.5438548999596164,67867241770.0,0.5260104751383867,1.952757140440408,0.0539814405885829,1.898775699851825,1.6477566824386545,0.096787965181301,1.5509687172573514,1.6062908459079566,0.1042074351567161,1.50208341075124,1164,983,18124,1466,458,14832,32956,178637,4812149.154799958,1315157.9509004294,379917.0483718379,False,True
Сахалинская область,2015,894765522270.0,0.6549387535561627,276418067095.0,0.5797724323821659,73953757273.0,0.529255211220199,1.9088023327396044,0.0554969109732465,1.8533054217663611,1.7365631377940467,0.0875061264201579,1.6490570113738876,1.622742030523149,0.1134558374678457,1.5092861930553028,1257,812,18292,2003,469,16377,34669,170914,5235179.811308611,1617293.300109997,432695.7257626643,False,True
Сахалинская область,2016,890406459254.0,0.6345857197911927,283773069456.0,0.5143338681662307,87647410097.0,0.5585046280013645,1.855357473597195,0.0567476854952093,1.7986097881019845,1.589254753222324,0.1202366797321579,1.4690180734901688,1.6973896736557954,0.1086100030647666,1.5887796705910269,1070,885,18559,2194,1527,18102,36661,192508,4625295.879932263,1474084.5546990256,455292.3000446735,False,True
Сахалинская область,2017,871792080696.0,0.5968443629313991,347689221432.0,0.5191999289324863,94869298571.0,0.5365449424115704,1.7820027491036754,0.0877901933036976,1.6942125557999788,1.5952574973695413,0.1112152148625304,1.4840422825070083,1.649969665292062,0.1218828242388741,1.528086841053188,987,1520,18675,2321,1510,18896,37571,194370,4485219.327550548,1788800.8511189998,488086.1170499563,False,True
Сахалинская область,2018,989690782536.0,0.5570856983344036,374078093745.0,0.4927834234679196,102291698913.0,0.5236303307870191,1.7055732011236628,0.1237402378480115,1.5818329632756516,1.5395398006510668,0.1293540898739692,1.4101857107771032,1.6145320718124443,0.1220486007170436,1.492483471095401,801,1366,17930,2700,1884,20086,38016,174126,5683762.232728025,2148318.4231246337,587457.9265187278,False,True
Сахалинская область,2019,1027792850044.0,0.5382797088716591,381328111376.0,0.4378397159914097,126431919323.0,0.5110356812495553,1.6504194948873163,0.1185902981481035,1.5318291967392137,1.416288107267114,0.163215567986916,1.2530725392801934,1.5736633257181758,0.1140664497710857,1.459596875947092,793,1173,17355,3039,1896,21241,38596,79873,12867838.318881225,4774180.403590701,1582911.8641217933,False,True
Сахалинская область,2020,963912214145.0,0.4959548586545553,375199040738.0,0.3986181279500181,133461748774.0,0.506411724720516,1.564393301963953,0.1521974578109469,1.4121958441530076,1.3319489468436745,0.1969866915843453,1.1349622552593246,1.5716916245843748,0.1265412351784924,1.4451503894058852,681,1436,16864,2567,3481,21912,38776,76051,12674550.159038017,4933518.832599177,1754898.0128334933,False,True
Сахалинская область,2021,859976010319.0,0.438713186061239,417660298029.0,0.4184087382222627,120774292011.0,0.4748941529419193,1.4644410253928868,0.2325822593846088,1.2318587660082765,1.397412660447177,0.2108686326775277,1.1865440277696493,1.5012261987377862,0.1447653261933204,1.3564608725444636,566,1087,15995,2826,3575,21257,37252,77573,11086022.331468424,5384093.666984647,1556911.451291042,False,True
Сахалинская область,2022,1220125015571.0,0.5596636745047371,1205657627398.0,0.7116182105358818,115348732476.0,0.4751089928868852,1.761803236263649,0.1861379639575329,1.575665272306118,2.1235090855776484,0.1244289397984889,1.999080145779157,1.5126715601730076,0.1576140787250162,1.3550574814479894,574,977,15475,2785,2662,20467,35942,76046,16044565.336388502,15854320.11411514,1516828.399600242,False,True
Сахалинская область,2023,1597858253650.0,0.6526852388421495,1108640352753.0,0.6705726964143138,142449128496.0,0.497567648169731,1.9782408203257231,0.144080929498431,1.8341598908272907,2.0397508506429283,0.157315984583618,1.8824348660593095,1.5740391330356012,0.1582029098550238,1.4158362231805768,649,798,15141,3111,2358,20916,36057,71399,22379280.573257327,15527393.279359655,1995113.7760472836,False,True
Сахалинская область,2024,907736293093.0,0.4125195711623889,544690434030.0,0.3612846942405261,124256289649.0,0.4044043655807137,1.3963767953716086,0.2425455000423018,1.153831295329308,1.3331512707859758,0.3759021733346928,0.9572490974512816,1.3532544222330998,0.207698751684034,1.145555670549065,721,648,15196,3405,2256,21963,37159,69207,13116249.701518632,7870452.902596558,1795429.5035039808,False,True
Сахалинская область,2025,871378741000.0,0.4291897415535433,546974011000.0,0.3503869225556007,130753262000.0,0.407374527705327,1.4454816944179465,0.242663006282298,1.2028186881356504,1.2957841707434383,0.3660309858241304,0.9297531849193064,1.360998915592436,0.2105648276268741,1.1504340879655643,611,788,15174,3369,2617,23076,38250,69411,12553899.828557434,7880220.872772327,1883754.1888173344,False,True
Хабаровский край,2009,1320279938754.0,0.5713772662446135,455448830108.0,0.3700854549315974,0.0,0.0,2.05229865239928,0.272213784767891,1.7800848676313876,1.7182322955824816,0.6322399350507069,1.0859923605317725,0.0,0.0,0.0,3883,2557,44396,2712,1177,22306,66702,240361,5492904.1681221165,1894853.2836358645,0.0,False,True
Хабаровский край,2010,1536198297279.0,0.5671731807426217,431244055635.0,0.3774063183102748,0.0,0.0,2.0535002684498203,0.2913421765714969,1.7621580918783266,1.6939623792603165,0.5556506266905126,1.1383117525698054,0.0,0.0,0.0,4034,2890,45339,3057,1258,24186,69525,272973,5627656.571452121,1579804.7998703169,0.0,False,True
Хабаровский край,2011,1689293445674.0,0.5764221906959746,1047282505331.0,0.4717986484717653,0.0,0.0,2.091295140224446,0.3057762997481222,1.7855188404763247,2.0164981879130615,0.6435032390780573,1.3729949488350002,0.0,0.0,0.0,4295,5213,45973,3019,1495,25947,71920,314419,5372746.067107904,3330849.9337858083,0.0,False,True
Хабаровский край,2012,1841071706713.0,0.5886208701378842,1248110519983.0,0.5536394663550429,123207385805.0,0.5313199575280058,2.0931845760359167,0.2601976227520634,1.8329869532838536,2.11900992281183,0.4182934543397845,1.700716468472045,1.9086205918993464,0.2287673257933705,1.679853266105976,4523,4761,45186,2677,1440,27129,72315,360241,5110666.766728384,3464654.273064421,342013.77912286494,False,True
Хабаровский край,2013,2068890593376.0,0.6359190367918036,1158537269350.0,0.6509534972750357,132545726528.0,0.5516187465795634,2.166544985219115,0.1845397817713747,1.9820052034477411,2.2304641765575006,0.2011745972495006,2.0292895793079957,1.9178731759181211,0.2120503106050019,1.7058228653131202,4400,2944,45209,2716,1834,28405,73614,741,2792025092.275304,1563478096.2887988,178874124.8690958,False,True
Хабаровский край,2014,2133962360862.0,0.6203884919322138,1119887090081.0,0.6047353609344284,174694196046.0,0.6302469273575616,2.137512411460328,0.2022103575548926,1.9353020539054349,2.119829137389484,0.2238456908243889,1.8959834465650935,2.1484648930332355,0.1787521462470644,1.9697127467861684,4197,2983,46851,3486,1217,30057,76908,472658,4514812.74169061,2369339.120634793,369599.575265837,False,True
Хабаровский край,2015,2022079061320.0,0.6276727983928695,1027380331533.0,0.6072530342079863,123314299819.0,0.5098739065708269,2.135615773995887,0.1732499199602166,1.9623658540356708,2.1159691334089032,0.2116810120478745,1.9042881213610272,1.8635973016496512,0.2490093158107823,1.6145879858388632,3916,2630,47391,4195,1338,33035,80426,420049,4813912.332418361,2445858.296372566,293571.2257831824,False,True
Хабаровский край,2016,1853826492036.0,0.6838655156550357,994259323350.0,0.6351165616265564,118287675179.0,0.5638699921588216,2.2663841624325585,0.1401552927864457,2.1262288696461127,2.192922308997531,0.2093008168311403,1.983621492166396,2.029974034699027,0.2654559757871518,1.7645180589118716,4115,5115,48499,5097,4411,36794,85293,474945,3903244.569446989,2093419.918832707,249055.52259524784,False,True
Хабаровский край,2017,1872918511264.0,0.6684301937165383,1018511644954.0,0.6338921017984824,118561556808.0,0.5523917516999698,2.2338777279673785,0.1531801137501894,2.0806976142171862,2.1790710224402687,0.1978276520458368,1.9812433703944308,1.999504443655045,0.2689567235831819,1.7305477200718649,3268,5451,46786,5477,4806,37860,84646,470365,3981840.72212856,2165364.4402836096,252062.880545959,False,True
Хабаровский край,2018,2148660692857.0,0.6272864810696558,1088853768216.0,0.5976592162967146,137198780876.0,0.4828159412315695,2.122963335660991,0.1596105796231354,1.9633527560378603,2.0651748708755093,0.1853551456496354,1.8798197252258717,1.7792596865809465,0.2445274757050527,1.5347322108758945,2707,3981,43639,6503,5358,39557,83196,391086,5494087.471443621,2784179.8689188566,350814.8613757588,False,True
Хабаровский край,2019,2208049192850.0,0.6183811621174086,1212993747798.0,0.534308303547207,147496702990.0,0.4771350903078483,2.1192021172245,0.1839377663356679,1.9352643508888328,1.897674952807641,0.201401861792088,1.696273091015552,1.7546182611291954,0.2321367245835558,1.5224815365456372,2605,5124,42055,6460,5805,40659,82714,186573,11834773.481961483,6501443.123056391,790557.5993846912,False,True
Хабаровский край,2020,2290079030653.0,0.6147328333935036,1066322226507.0,0.4771605030879383,156287027299.0,0.4428969822869675,2.1042587530178345,0.1779859414157882,1.9262728116020431,1.7483668672230586,0.2206845924711512,1.527682274751907,1.6660226746679785,0.2432250516931362,1.4227976229748371,2126,3984,38890,5197,8115,40051,78941,172352,13287220.517620916,6186886.293788293,906789.7517812384,False,True
Хабаровский край,2021,2367490370533.0,0.545618452449369,1086692844451.0,0.4536338076734185,153525380099.0,0.4708670112486872,1.9506012035654263,0.2257448037242077,1.7248563998412152,1.7132246096355992,0.2610296554640652,1.452194954171535,1.7291514799259389,0.2175045623099438,1.5116469176159946,1950,3205,36776,6385,7312,38321,75097,160132,14784617.50638848,6786231.636718458,958742.6629218396,False,True
Хабаровский край,2022,2268260885986.0,0.5455006393786092,1201685700299.0,0.4409572835302827,172731947500.0,0.5090602418709106,1.957728176214765,0.2336101396348159,1.7241180365799489,1.7137393393668177,0.3129193031302231,1.400820036236592,1.8188469250813633,0.1936128641672602,1.625234060914103,1884,2703,35304,5893,4771,36902,72206,172153,13175842.918717653,6980335.517237574,1003362.9823470982,False,True
Хабаровский край,2023,2497895082032.0,0.5728403114717004,1237840593441.0,0.4738426217027258,193363847143.0,0.588784363045526,2.044403573327486,0.2442867241859761,1.8001168491415136,1.881118743336046,0.4180000694564029,1.4631186738796451,2.015541265725318,0.158977780772102,1.856563484953213,1987,1605,34503,7214,4276,39345,73848,154867,16129292.11537642,7992926.791640569,1248580.0534846028,False,True
Хабаровский край,2024,2549933828701.0,0.6126897330660296,1212042461523.0,0.3708597616262337,207672249513.0,0.6037766854130174,2.1084006057369287,0.1891810530911894,1.919219552645739,1.675777946166896,0.6262647241874179,1.0495132219794776,2.0479802268297895,0.148198358624554,1.8997818682052383,2155,1826,35101,7481,4680,42550,77651,160120,15925142.572451912,7569588.19337372,1296978.825337247,False,True
Хабаровский край,2025,2924768153000.0,0.4802727485726841,1341215123000.0,0.3453473092313971,237563244000.0,0.5773904776263372,1.8129492792853237,0.2855148424170292,1.527434436868294,1.6652773650867267,0.7509532998345949,0.9143240652521314,1.9891354836592576,0.16582366426404,1.8233118193952151,1730,2524,34848,7598,5160,45468,80316,149575,19553856.94801939,8966840.200568277,1588255.0158783218,False,True
Чукотский автономный округ,2009,115741260543.0,0.6627818349445614,57435076806.0,0.545420477754324,0.0,0.0,1.1809389025121462,1.1809389025121433,0.0,1.0088193644232213,1.0088193644232215,0.0,0.0,0.0,0.0,69,82,2342,189,103,1367,3709,25900,4468774.538339769,2217570.533050193,0.0,False,True
Чукотский автономный округ,2010,112661337908.0,0.6185322602814001,58128272262.0,0.4385158600347424,0.0,0.0,1.099008434556907,1.099008434556908,0.0,0.8199488191199968,0.8199488191199982,0.0,0.0,0.0,0.0,82,153,2339,175,121,1439,3778,19733,5709285.861653068,2945739.2318451325,0.0,False,True
Чукотский автономный округ,2011,119170708459.0,0.6090967833629437,63941671920.0,0.3982936937340308,0.0,0.0,1.086705397997509,1.0867053979975114,0.0,0.7812509397743952,0.7812509397743957,0.0,0.0,0.0,0.0,101,429,2293,175,182,1493,3786,22531,5289188.604988682,2837942.031867205,0.0,False,True
Чукотский автономный округ,2012,115943402660.0,0.6631075519062954,73004933194.0,0.4351750643764226,16325770533.0,0.3843068852871379,1.1801157927310657,1.180115792731065,0.0,0.8593144874193612,0.8593144874193606,0.0,0.682798772007903,0.6827987720079024,0.0,84,146,1947,116,146,1427,3374,21637,5358571.089337708,3374078.3469981975,754530.2275269214,False,True
Чукотский автономный округ,2013,191847188829.0,0.3891626026559471,75708886747.0,0.4850197299451165,19171635153.0,0.3496593214193863,0.8018198715168197,0.8018198715168177,0.0,0.8928534531284882,0.8928534531284872,0.0,0.59998659109878,0.5999865910987784,0.0,50,170,1854,104,191,1385,3239,0,0.0,0.0,0.0,False,True
Чукотский автономный округ,2014,237316418870.0,0.3963617246844819,74091787501.0,0.428725311440178,44535496684.0,0.447353941315624,0.8203174564391382,0.8203174564391386,0.0,0.8169116787917154,0.8169116787917141,0.0,0.8719697482027158,0.871969748202716,0.0,55,95,1756,141,152,1335,3091,21732,10920137.072979938,3409340.488726302,2049305.019510399,False,True
Чукотский автономный округ,2015,168733671932.0,0.5588971219775483,66026996823.0,0.4032707431653511,19750207951.0,0.3844416234562048,1.010278558027473,1.010278558027473,0.0,0.7559125869863692,0.7559125869863704,0.0,0.6933332859259806,0.6933332859259799,0.0,42,78,1702,187,140,1370,3072,29441,5731247.98519072,2242688.659454502,670840.2551204104,False,True
Чукотский автономный округ,2016,53624892314.0,0.3432075751472973,30398256848.0,0.4233666552601945,11788715366.0,0.3330575730711151,0.5842354209611749,0.584235420961178,0.0,0.7630579787654597,0.7630579787654613,0.0,0.5716460083170993,0.5716460083171008,0.0,68,116,1693,140,143,1370,3063,34932,1535122.303732967,870212.3224550555,337476.10689339286,False,True
Чукотский автономный округ,2017,48699477077.0,0.3986858999742008,30303651261.0,0.4327394132224136,14190061645.0,0.3142868647413877,0.7121359370974396,0.7121359370974365,0.0,0.7774290731225193,0.7774290731225182,0.0,0.5339796416770852,0.533979641677087,0.0,125,74,1703,150,137,1377,3080,30016,1622450.595582356,1009583.2642923774,472749.9215418444,False,True
Чукотский автономный округ,2018,146103288671.0,0.4540045811140371,61599385154.0,0.3343759722192844,28448290578.0,0.3182005624988824,0.8076260405609759,0.807626040560975,0.0,0.6207453552595759,0.6207453552595756,0.0,0.5356936980717073,0.5356936980717043,0.0,70,48,1685,165,172,1405,3090,18021,8107390.748071694,3418200.163919871,1578618.8656567335,False,True
Чукотский автономный округ,2019,158135085139.0,0.4596090750772952,65551266943.0,0.3110907319196584,29166181919.0,0.328409057813019,0.8334785863229897,0.8334785863229922,0.0,0.571552492918439,0.5715524929184379,0.0,0.5673946567646801,0.5673946567646814,0.0,78,77,1713,195,171,1428,3141,6325,25001594.488379445,10363836.67083004,4611254.058339921,False,True
Чукотский автономный округ,2020,207996169614.0,0.4430430395998199,81778539493.0,0.3252992955872027,35516988577.0,0.3100508981521864,0.7989567951500405,0.798956795150038,0.0,0.5970366698193104,0.59703666981931,0.0,0.5138985827639999,0.5138985827640007,0.0,55,45,1692,201,170,1458,3150,8966,23198323.624135625,9120961.353223288,3961296.963751952,False,True
Чукотский автономный округ,2021,209392092369.0,0.4327290985258947,117635835566.0,0.3725749002449847,32876501126.0,0.3039410740301048,0.787044955001921,0.7870449550019195,0.0,0.7120709575581508,0.7120709575581505,0.0,0.5084741924881442,0.5084741924881443,0.0,55,56,1702,201,228,1489,3191,7705,27176131.39117456,15267467.302530823,4266904.753536665,False,True
Чукотский автономный округ,2022,176285676181.0,0.373464456228765,195496560249.0,0.4285063836177683,34228777914.0,0.2819177246395133,0.6749806849307625,0.6749806849307641,0.0,0.8265902858117862,0.8265902858117832,0.0,0.4765502439864271,0.476550243986427,0.0,62,53,1708,240,140,1501,3209,8605,20486423.72818129,22718949.476932015,3977777.793608367,False,True
Чукотский автономный округ,2023,243795551951.0,0.345062951950477,268097104168.0,0.4065409573251883,39997370982.0,0.2646036939034259,0.6362276114959755,0.6362276114959763,0.0,0.8171343719299244,0.8171343719299229,0.0,0.4370046804938177,0.4370046804938161,0.0,77,37,1731,241,146,1602,3333,9073,26870445.492229693,29548892.777251184,4408395.346853301,False,True
Чукотский автономный округ,2024,271097187018.0,0.3424752981171153,341461674224.0,0.4025447585722286,42085636916.0,0.2818001553051222,0.6523258020526796,0.6523258020526798,0.0,0.8354392283221621,0.8354392283221619,0.0,0.4801159732050948,0.4801159732050944,0.0,75,61,1826,257,156,1713,3539,9458,28663267.817508988,36102947.158384435,4449739.576654684,False,True
Чукотский автономный округ,2025,290917662000.0,0.3755577080163721,459910107000.0,0.4629408065720544,48063356000.0,0.3286391086584642,0.7144425881076764,0.7144425881076745,0.0,0.9759386804055624,0.975938680405564,0.0,0.5664693393149065,0.5664693393149065,0.0,72,90,1835,239,157,1796,3631,10708,27168253.82891296,42950140.73589839,4488546.507284273,False,True
